{"build_result": false, "start_time": 1760071044.3927932, "end_time": 1760071172.8756518, "total_time": 128.48285794258118, "unique_stack_smash_count": 0}