{"build_result": true, "start_time": 1760130841.3044333, "end_time": 1760131038.9654262, "total_time": 197.66099214553833, "unique_stack_smash_count": 20}