{"build_result": true, "start_time": 1760154446.4352984, "end_time": 1760154642.369433, "total_time": 195.93413376808167, "unique_stack_smash_count": 20}