{"build_result": true, "start_time": 1760156815.533491, "end_time": 1760157010.250727, "total_time": 194.7172348499298, "unique_stack_smash_count": 20}