{"build_result": false, "start_time": 1760137837.8444638, "end_time": 1760137869.303076, "total_time": 31.458611011505127, "unique_stack_smash_count": 0}