{"build_result": true, "start_time": 1760098533.3542237, "end_time": 1760098716.3442302, "total_time": 182.99000597000122, "unique_stack_smash_count": 20}