{"build_result": true, "start_time": 1760105537.7483602, "end_time": 1760105724.6878982, "total_time": 186.939537525177, "unique_stack_smash_count": 20}