{"build_result": false, "start_time": 1760103068.7769477, "end_time": 1760103195.4941342, "total_time": 126.7171859741211, "unique_stack_smash_count": 0}