{"build_result": false, "start_time": 1760148318.9504015, "end_time": 1760148485.5729208, "total_time": 166.62251806259155, "unique_stack_smash_count": 0}