{"build_result": true, "start_time": 1760053697.4786668, "end_time": 1760053883.5721986, "total_time": 186.09353137016296, "unique_stack_smash_count": 20}