{"build_result": false, "start_time": 1760198520.73281, "end_time": 1760198551.8907704, "total_time": 31.157959938049316, "unique_stack_smash_count": 0}