{"build_result": true, "start_time": 1760101191.2135642, "end_time": 1760101377.5037725, "total_time": 186.290207862854, "unique_stack_smash_count": 20}