{"build_result": false, "start_time": 1760194209.664691, "end_time": 1760194240.921066, "total_time": 31.25637435913086, "unique_stack_smash_count": 0}