{"build_result": true, "start_time": 1760058892.0190265, "end_time": 1760059079.4116526, "total_time": 187.39262509346008, "unique_stack_smash_count": 20}