{"build_result": true, "start_time": 1760079615.9897857, "end_time": 1760079801.5467992, "total_time": 185.55701303482056, "unique_stack_smash_count": 20}