{"build_result": true, "start_time": 1760195897.4985127, "end_time": 1760196094.8689978, "total_time": 197.37048435211182, "unique_stack_smash_count": 20}