{"build_result": true, "start_time": 1760200868.992057, "end_time": 1760201066.2196512, "total_time": 197.22759318351746, "unique_stack_smash_count": 20}