{"build_result": false, "start_time": 1760115380.197296, "end_time": 1760115532.4948277, "total_time": 152.29753136634827, "unique_stack_smash_count": 0}