{"build_result": true, "start_time": 1760135550.7917864, "end_time": 1760135747.5504453, "total_time": 196.75865817070007, "unique_stack_smash_count": 20}