{"build_result": true, "start_time": 1760173744.1373866, "end_time": 1760173940.9153275, "total_time": 196.7779405117035, "unique_stack_smash_count": 20}