{"build_result": false, "start_time": 1760089063.124329, "end_time": 1760089248.419058, "total_time": 185.2947280406952, "unique_stack_smash_count": 0}