{"build_result": true, "start_time": 1760152290.0282946, "end_time": 1760152486.5427258, "total_time": 196.51442980766296, "unique_stack_smash_count": 20}