{"build_result": false, "start_time": 1760155991.4485192, "end_time": 1760156022.6569595, "total_time": 31.20844006538391, "unique_stack_smash_count": 0}