{"build_result": true, "start_time": 1760159756.1198804, "end_time": 1760159953.6904917, "total_time": 197.57061004638672, "unique_stack_smash_count": 20}