{"build_result": false, "start_time": 1760187645.7404187, "end_time": 1760187676.751556, "total_time": 31.011136054992676, "unique_stack_smash_count": 0}