{"build_result": false, "start_time": 1760173361.7582862, "end_time": 1760173549.997173, "total_time": 188.23888564109802, "unique_stack_smash_count": 0}