{"build_result": false, "start_time": 1760155230.3820686, "end_time": 1760155426.9600873, "total_time": 196.57801818847656, "unique_stack_smash_count": 0}