{"build_result": true, "start_time": 1760162063.3873782, "end_time": 1760162260.396099, "total_time": 197.00871968269348, "unique_stack_smash_count": 20}