{"build_result": true, "start_time": 1760071672.0111115, "end_time": 1760071857.358214, "total_time": 185.3471019268036, "unique_stack_smash_count": 20}