{"build_result": true, "start_time": 1760202679.41166, "end_time": 1760202876.4787471, "total_time": 197.06708645820618, "unique_stack_smash_count": 20}