{"build_result": false, "start_time": 1760065918.617023, "end_time": 1760065928.2634406, "total_time": 9.646416902542114, "unique_stack_smash_count": 0}