{"build_result": false, "start_time": 1760052140.2893894, "end_time": 1760052306.999315, "total_time": 166.7099244594574, "unique_stack_smash_count": 0}