{"build_result": false, "start_time": 1760064383.538302, "end_time": 1760064390.1728168, "total_time": 6.63451361656189, "unique_stack_smash_count": 0}