{"build_result": true, "start_time": 1760157403.8570614, "end_time": 1760157600.864951, "total_time": 197.00788855552673, "unique_stack_smash_count": 20}