{"build_result": true, "start_time": 1760147369.9282875, "end_time": 1760147565.34583, "total_time": 195.41754150390625, "unique_stack_smash_count": 20}