{"build_result": true, "start_time": 1760115182.944544, "end_time": 1760115380.1909592, "total_time": 197.246413230896, "unique_stack_smash_count": 20}