{"build_result": false, "start_time": 1760057661.2581055, "end_time": 1760057767.5303965, "total_time": 106.27228927612305, "unique_stack_smash_count": 0}