{"build_result": true, "start_time": 1760067755.3147812, "end_time": 1760067940.7910283, "total_time": 185.4762465953827, "unique_stack_smash_count": 20}