{"build_result": true, "start_time": 1760100076.108122, "end_time": 1760100261.9968283, "total_time": 185.88870573043823, "unique_stack_smash_count": 20}