{"build_result": true, "start_time": 1760131433.1393738, "end_time": 1760131623.6941314, "total_time": 190.55475664138794, "unique_stack_smash_count": 20}