{"build_result": true, "start_time": 1760083125.1212661, "end_time": 1760083311.4164808, "total_time": 186.29521417617798, "unique_stack_smash_count": 20}