{"build_result": false, "start_time": 1760067546.3758078, "end_time": 1760067725.607707, "total_time": 179.23189854621887, "unique_stack_smash_count": 0}