{"build_result": false, "start_time": 1760061609.0034456, "end_time": 1760061795.160653, "total_time": 186.15720629692078, "unique_stack_smash_count": 0}