{"build_result": true, "start_time": 1760113758.1629407, "end_time": 1760113956.405411, "total_time": 198.24246978759766, "unique_stack_smash_count": 20}