{"build_result": true, "start_time": 1760044705.0836823, "end_time": 1760044892.2905457, "total_time": 187.20686268806458, "unique_stack_smash_count": 20}