{"build_result": true, "start_time": 1760151762.636555, "end_time": 1760151959.450478, "total_time": 196.81392216682434, "unique_stack_smash_count": 20}