{"build_result": true, "start_time": 1760097759.2779665, "end_time": 1760097945.1753926, "total_time": 185.89742493629456, "unique_stack_smash_count": 20}