{"build_result": true, "start_time": 1760044260.4656277, "end_time": 1760044446.2553883, "total_time": 185.7897596359253, "unique_stack_smash_count": 20}