{"build_result": true, "start_time": 1760080567.493139, "end_time": 1760080753.6490095, "total_time": 186.1558701992035, "unique_stack_smash_count": 20}