{"build_result": true, "start_time": 1760092890.9978538, "end_time": 1760093076.9480257, "total_time": 185.95017099380493, "unique_stack_smash_count": 20}