{"build_result": false, "start_time": 1760160914.1223717, "end_time": 1760161065.5511453, "total_time": 151.42877221107483, "unique_stack_smash_count": 0}