{"build_result": true, "start_time": 1760138854.3383417, "end_time": 1760139050.2664075, "total_time": 195.9280650615692, "unique_stack_smash_count": 20}