{"build_result": false, "start_time": 1760162789.5605695, "end_time": 1760162888.9256248, "total_time": 99.36505365371704, "unique_stack_smash_count": 0}