{"build_result": true, "start_time": 1760093819.9730728, "end_time": 1760094005.0175683, "total_time": 185.04449486732483, "unique_stack_smash_count": 20}