{"build_result": true, "start_time": 1760079882.4956622, "end_time": 1760080068.748687, "total_time": 186.2530243396759, "unique_stack_smash_count": 20}