{"build_result": true, "start_time": 1760194542.0290058, "end_time": 1760194739.3393438, "total_time": 197.3103370666504, "unique_stack_smash_count": 20}