{"build_result": false, "start_time": 1760112364.7877018, "end_time": 1760112374.4815378, "total_time": 9.693835735321045, "unique_stack_smash_count": 0}