{"build_result": true, "start_time": 1760154245.8015368, "end_time": 1760154446.2976727, "total_time": 200.49613499641418, "unique_stack_smash_count": 20}