{"build_result": false, "start_time": 1760084238.6583452, "end_time": 1760084308.6266477, "total_time": 69.96830177307129, "unique_stack_smash_count": 0}