{"build_result": false, "start_time": 1760172597.345063, "end_time": 1760172768.0283642, "total_time": 170.68329977989197, "unique_stack_smash_count": 0}