{"build_result": true, "start_time": 1760144475.816479, "end_time": 1760144671.2462904, "total_time": 195.4298107624054, "unique_stack_smash_count": 20}