{"build_result": true, "start_time": 1760169535.9207602, "end_time": 1760169732.7918212, "total_time": 196.87105989456177, "unique_stack_smash_count": 20}