{"build_result": true, "start_time": 1760188269.0692902, "end_time": 1760188467.2617276, "total_time": 198.19243621826172, "unique_stack_smash_count": 20}