{"build_result": false, "start_time": 1760167345.9053326, "end_time": 1760167480.6313918, "total_time": 134.72605872154236, "unique_stack_smash_count": 0}