{"build_result": true, "start_time": 1760190613.198195, "end_time": 1760190808.6243174, "total_time": 195.4261212348938, "unique_stack_smash_count": 20}