{"build_result": false, "start_time": 1760075888.3361926, "end_time": 1760075970.401398, "total_time": 82.06520438194275, "unique_stack_smash_count": 0}