{"build_result": true, "start_time": 1760129704.3148725, "end_time": 1760129901.2854464, "total_time": 196.97057342529297, "unique_stack_smash_count": 20}