{"build_result": true, "start_time": 1760119334.052643, "end_time": 1760119521.4824429, "total_time": 187.42979884147644, "unique_stack_smash_count": 20}