{"build_result": false, "start_time": 1760094573.3637908, "end_time": 1760094736.0818052, "total_time": 162.71801352500916, "unique_stack_smash_count": 0}