{"build_result": false, "start_time": 1760162888.9474792, "end_time": 1760163042.9834983, "total_time": 154.0360176563263, "unique_stack_smash_count": 0}