{"build_result": false, "start_time": 1760196490.1264098, "end_time": 1760196521.94662, "total_time": 31.82020902633667, "unique_stack_smash_count": 0}