{"build_result": true, "start_time": 1760139050.3564596, "end_time": 1760139247.1231806, "total_time": 196.76671981811523, "unique_stack_smash_count": 20}