{"build_result": true, "start_time": 1760185242.4101586, "end_time": 1760185439.4754913, "total_time": 197.06533217430115, "unique_stack_smash_count": 20}