{"build_result": true, "start_time": 1760178819.1357045, "end_time": 1760179016.3950694, "total_time": 197.25936436653137, "unique_stack_smash_count": 20}