{"build_result": true, "start_time": 1760204953.7873607, "end_time": 1760205150.960772, "total_time": 197.17341017723083, "unique_stack_smash_count": 20}