{"build_result": false, "start_time": 1760073935.8813014, "end_time": 1760074005.5934927, "total_time": 69.71219086647034, "unique_stack_smash_count": 0}