{"build_result": true, "start_time": 1760105038.828874, "end_time": 1760105223.9127657, "total_time": 185.08389115333557, "unique_stack_smash_count": 20}