{"build_result": true, "start_time": 1760178229.125384, "end_time": 1760178425.8908455, "total_time": 196.76546001434326, "unique_stack_smash_count": 20}