{"build_result": false, "start_time": 1760095436.7272246, "end_time": 1760095598.5781286, "total_time": 161.8509030342102, "unique_stack_smash_count": 0}