{"build_result": true, "start_time": 1760190023.7267606, "end_time": 1760190220.5589008, "total_time": 196.8321385383606, "unique_stack_smash_count": 20}