{"build_result": false, "start_time": 1760057535.7810066, "end_time": 1760057661.2488117, "total_time": 125.46780443191528, "unique_stack_smash_count": 0}