{"build_result": true, "start_time": 1760110181.8935409, "end_time": 1760110367.7318258, "total_time": 185.8382842540741, "unique_stack_smash_count": 20}