{"build_result": false, "start_time": 1760045420.8785305, "end_time": 1760045491.7526212, "total_time": 70.87408995628357, "unique_stack_smash_count": 0}