{"build_result": true, "start_time": 1760142881.5070136, "end_time": 1760143078.0613055, "total_time": 196.55429124832153, "unique_stack_smash_count": 20}