{"build_result": false, "start_time": 1760192869.5501995, "end_time": 1760193021.9726381, "total_time": 152.42243790626526, "unique_stack_smash_count": 0}