{"build_result": true, "start_time": 1760154642.503877, "end_time": 1760154839.66663, "total_time": 197.16275238990784, "unique_stack_smash_count": 20}