{"build_result": true, "start_time": 1760124620.6842647, "end_time": 1760124814.7069626, "total_time": 194.0226969718933, "unique_stack_smash_count": 20}