{"build_result": true, "start_time": 1760150577.4682968, "end_time": 1760150776.6885493, "total_time": 199.2202513217926, "unique_stack_smash_count": 20}