{"build_result": true, "start_time": 1760172400.8716369, "end_time": 1760172597.342434, "total_time": 196.470796585083, "unique_stack_smash_count": 20}