{"build_result": true, "start_time": 1760097014.8336942, "end_time": 1760097200.4647527, "total_time": 185.6310579776764, "unique_stack_smash_count": 20}