{"build_result": false, "start_time": 1760081869.769389, "end_time": 1760081952.2858617, "total_time": 82.51647162437439, "unique_stack_smash_count": 0}