{"build_result": false, "start_time": 1760132879.905759, "end_time": 1760133050.997779, "total_time": 171.09201884269714, "unique_stack_smash_count": 0}