{"build_result": false, "start_time": 1760198722.1468651, "end_time": 1760198897.795916, "total_time": 175.64904952049255, "unique_stack_smash_count": 0}