{"build_result": false, "start_time": 1760058042.323754, "end_time": 1760058171.3015761, "total_time": 128.97782135009766, "unique_stack_smash_count": 0}