{"build_result": false, "start_time": 1760106997.1282833, "end_time": 1760107182.923184, "total_time": 185.79489970207214, "unique_stack_smash_count": 0}