{"build_result": true, "start_time": 1760154048.9133153, "end_time": 1760154245.7243154, "total_time": 196.81099915504456, "unique_stack_smash_count": 20}