{"build_result": true, "start_time": 1760092150.0955086, "end_time": 1760092324.9058585, "total_time": 174.8103494644165, "unique_stack_smash_count": 20}