{"build_result": false, "start_time": 1760188861.8906274, "end_time": 1760188935.938244, "total_time": 74.04761576652527, "unique_stack_smash_count": 0}