{"build_result": false, "start_time": 1760177568.8065844, "end_time": 1760177738.6880236, "total_time": 169.88143825531006, "unique_stack_smash_count": 0}