{"build_result": true, "start_time": 1760180973.886131, "end_time": 1760181170.9183984, "total_time": 197.0322666168213, "unique_stack_smash_count": 20}