{"build_result": true, "start_time": 1760150776.824464, "end_time": 1760150974.3409932, "total_time": 197.51652812957764, "unique_stack_smash_count": 20}