{"build_result": false, "start_time": 1760098131.4140978, "end_time": 1760098160.7841098, "total_time": 29.37001132965088, "unique_stack_smash_count": 0}