{"build_result": true, "start_time": 1760074932.2966557, "end_time": 1760075117.3992057, "total_time": 185.10254955291748, "unique_stack_smash_count": 20}