{"build_result": false, "start_time": 1760123256.103548, "end_time": 1760123266.3021803, "total_time": 10.198631286621094, "unique_stack_smash_count": 0}