{"build_result": true, "start_time": 1760144745.4227607, "end_time": 1760144938.9471846, "total_time": 193.52442264556885, "unique_stack_smash_count": 20}