{"build_result": false, "start_time": 1760202482.6423697, "end_time": 1760202679.315509, "total_time": 196.67313814163208, "unique_stack_smash_count": 0}