{"build_result": true, "start_time": 1760108410.2650769, "end_time": 1760108596.0552392, "total_time": 185.79016184806824, "unique_stack_smash_count": 20}