{"build_result": true, "start_time": 1760048177.094473, "end_time": 1760048364.6397557, "total_time": 187.5452823638916, "unique_stack_smash_count": 20}