{"build_result": true, "start_time": 1760168006.974096, "end_time": 1760168203.7347085, "total_time": 196.76061081886292, "unique_stack_smash_count": 20}