{"build_result": true, "start_time": 1760112971.7923865, "end_time": 1760113168.3759935, "total_time": 196.58360624313354, "unique_stack_smash_count": 20}