{"build_result": true, "start_time": 1760121134.9133084, "end_time": 1760121326.8813004, "total_time": 191.9679913520813, "unique_stack_smash_count": 20}