{"build_result": true, "start_time": 1760049307.737706, "end_time": 1760049497.375818, "total_time": 189.6381115913391, "unique_stack_smash_count": 20}