{"build_result": false, "start_time": 1760150013.2790978, "end_time": 1760150182.8657227, "total_time": 169.5866243839264, "unique_stack_smash_count": 0}