{"build_result": true, "start_time": 1760086372.3666196, "end_time": 1760086558.8769882, "total_time": 186.5103678703308, "unique_stack_smash_count": 20}