{"build_result": true, "start_time": 1760172005.6922598, "end_time": 1760172202.4150383, "total_time": 196.72277736663818, "unique_stack_smash_count": 20}