{"build_result": true, "start_time": 1760141964.7918968, "end_time": 1760142161.1554444, "total_time": 196.36354637145996, "unique_stack_smash_count": 20}