{"build_result": true, "start_time": 1760199684.3313234, "end_time": 1760199882.219083, "total_time": 197.88775897026062, "unique_stack_smash_count": 20}