{"build_result": true, "start_time": 1760108775.2573686, "end_time": 1760108960.6490498, "total_time": 185.39168071746826, "unique_stack_smash_count": 20}