{"build_result": true, "start_time": 1760104853.3666875, "end_time": 1760105038.6927738, "total_time": 185.32608580589294, "unique_stack_smash_count": 20}