{"build_result": false, "start_time": 1760067370.8533826, "end_time": 1760067546.3724618, "total_time": 175.5190782546997, "unique_stack_smash_count": 0}