{"build_result": false, "start_time": 1760175060.612128, "end_time": 1760175195.9344554, "total_time": 135.3223261833191, "unique_stack_smash_count": 0}