{"build_result": true, "start_time": 1760190415.4915621, "end_time": 1760190613.0601957, "total_time": 197.56863260269165, "unique_stack_smash_count": 20}