{"build_result": true, "start_time": 1760183114.680927, "end_time": 1760183312.2637608, "total_time": 197.58283257484436, "unique_stack_smash_count": 20}