{"build_result": true, "start_time": 1760085654.843475, "end_time": 1760085840.4436378, "total_time": 185.60016202926636, "unique_stack_smash_count": 20}