{"build_result": false, "start_time": 1760136145.2578766, "end_time": 1760136152.3435109, "total_time": 7.085633754730225, "unique_stack_smash_count": 0}