{"build_result": true, "start_time": 1760118791.986377, "end_time": 1760118982.465919, "total_time": 190.47954106330872, "unique_stack_smash_count": 20}