{"build_result": true, "start_time": 1760045920.6390657, "end_time": 1760046106.7251663, "total_time": 186.08610010147095, "unique_stack_smash_count": 20}