{"build_result": true, "start_time": 1760145532.0789022, "end_time": 1760145727.197714, "total_time": 195.11881136894226, "unique_stack_smash_count": 20}