{"build_result": true, "start_time": 1760105351.9742987, "end_time": 1760105537.61247, "total_time": 185.638170003891, "unique_stack_smash_count": 20}