{"build_result": true, "start_time": 1760103381.9518042, "end_time": 1760103564.3771517, "total_time": 182.42534708976746, "unique_stack_smash_count": 20}