{"build_result": false, "start_time": 1760059079.4135025, "end_time": 1760059086.3495722, "total_time": 6.936069488525391, "unique_stack_smash_count": 0}