{"build_result": true, "start_time": 1760205948.3829613, "end_time": 1760206145.049529, "total_time": 196.66656708717346, "unique_stack_smash_count": 20}