{"build_result": true, "start_time": 1760087767.4733424, "end_time": 1760087951.2697415, "total_time": 183.79639887809753, "unique_stack_smash_count": 20}