{"build_result": true, "start_time": 1760088321.3776662, "end_time": 1760088507.1760824, "total_time": 185.79841542243958, "unique_stack_smash_count": 20}