{"build_result": true, "start_time": 1760102417.9593382, "end_time": 1760102601.3327887, "total_time": 183.37345027923584, "unique_stack_smash_count": 20}