{"build_result": true, "start_time": 1760150379.5659497, "end_time": 1760150577.3349698, "total_time": 197.7690188884735, "unique_stack_smash_count": 20}