{"build_result": true, "start_time": 1760096051.9514644, "end_time": 1760096238.1017346, "total_time": 186.15026926994324, "unique_stack_smash_count": 20}