{"build_result": true, "start_time": 1760064948.5024474, "end_time": 1760065134.1522279, "total_time": 185.64978003501892, "unique_stack_smash_count": 20}