{"build_result": true, "start_time": 1760163841.0532138, "end_time": 1760164038.521923, "total_time": 197.46870851516724, "unique_stack_smash_count": 20}