{"build_result": true, "start_time": 1760079302.514914, "end_time": 1760079488.2639177, "total_time": 185.74900317192078, "unique_stack_smash_count": 20}