{"build_result": true, "start_time": 1760044074.511021, "end_time": 1760044260.3453288, "total_time": 185.83430695533752, "unique_stack_smash_count": 20}