{"build_result": false, "start_time": 1760128771.6358168, "end_time": 1760128943.0681899, "total_time": 171.4323718547821, "unique_stack_smash_count": 0}