{"build_result": false, "start_time": 1760101563.2294815, "end_time": 1760101724.274265, "total_time": 161.04478287696838, "unique_stack_smash_count": 0}