{"build_result": true, "start_time": 1760170889.0456607, "end_time": 1760171085.813023, "total_time": 196.76736164093018, "unique_stack_smash_count": 20}