{"build_result": false, "start_time": 1760126640.02672, "end_time": 1760126810.1812892, "total_time": 170.15456771850586, "unique_stack_smash_count": 0}