{"build_result": true, "start_time": 1760135354.4337857, "end_time": 1760135550.698424, "total_time": 196.26463747024536, "unique_stack_smash_count": 20}