{"build_result": true, "start_time": 1760140305.4307806, "end_time": 1760140503.7071757, "total_time": 198.27639436721802, "unique_stack_smash_count": 20}