{"build_result": true, "start_time": 1760186576.299465, "end_time": 1760186769.7668412, "total_time": 193.4673752784729, "unique_stack_smash_count": 20}