{"build_result": true, "start_time": 1760053510.281939, "end_time": 1760053697.2872174, "total_time": 187.00527787208557, "unique_stack_smash_count": 20}