{"build_result": false, "start_time": 1760114323.7441754, "end_time": 1760114354.6593022, "total_time": 30.915126085281372, "unique_stack_smash_count": 0}