{"build_result": true, "start_time": 1760114898.2368588, "end_time": 1760115094.924107, "total_time": 196.68724727630615, "unique_stack_smash_count": 20}