{"build_result": false, "start_time": 1760126449.0036418, "end_time": 1760126640.0206356, "total_time": 191.0169928073883, "unique_stack_smash_count": 0}