{"build_result": false, "start_time": 1760078443.011804, "end_time": 1760078541.0788188, "total_time": 98.06701374053955, "unique_stack_smash_count": 0}