{"build_result": true, "start_time": 1760167148.9864874, "end_time": 1760167345.8991852, "total_time": 196.91269731521606, "unique_stack_smash_count": 20}