{"build_result": false, "start_time": 1760062987.1922596, "end_time": 1760063172.0412598, "total_time": 184.84899926185608, "unique_stack_smash_count": 0}