{"build_result": false, "start_time": 1760060345.3644977, "end_time": 1760060416.1391313, "total_time": 70.77463269233704, "unique_stack_smash_count": 0}