{"build_result": false, "start_time": 1760090438.200385, "end_time": 1760090600.760715, "total_time": 162.56032872200012, "unique_stack_smash_count": 0}