{"build_result": true, "start_time": 1760188071.559528, "end_time": 1760188268.93346, "total_time": 197.3739309310913, "unique_stack_smash_count": 20}