{"build_result": false, "start_time": 1760132380.2014716, "end_time": 1760132454.2477674, "total_time": 74.04629492759705, "unique_stack_smash_count": 0}