{"build_result": true, "start_time": 1760157010.343929, "end_time": 1760157207.2669961, "total_time": 196.92306637763977, "unique_stack_smash_count": 20}