{"build_result": true, "start_time": 1760081683.86419, "end_time": 1760081869.764823, "total_time": 185.90063214302063, "unique_stack_smash_count": 20}