{"build_result": false, "start_time": 1760084863.269131, "end_time": 1760085025.829332, "total_time": 162.5601999759674, "unique_stack_smash_count": 0}