{"build_result": false, "start_time": 1760105224.0616293, "end_time": 1760105351.8377776, "total_time": 127.77614688873291, "unique_stack_smash_count": 0}