{"build_result": false, "start_time": 1760107182.9258895, "end_time": 1760107310.8045497, "total_time": 127.87865900993347, "unique_stack_smash_count": 0}