{"build_result": true, "start_time": 1760166651.2478778, "end_time": 1760166848.0661936, "total_time": 196.81831455230713, "unique_stack_smash_count": 20}