{"build_result": true, "start_time": 1760148123.0140197, "end_time": 1760148318.942889, "total_time": 195.9288685321808, "unique_stack_smash_count": 20}