{"build_result": false, "start_time": 1760122159.090901, "end_time": 1760122342.7975767, "total_time": 183.70667481422424, "unique_stack_smash_count": 0}