{"build_result": true, "start_time": 1760129310.1289306, "end_time": 1760129506.9369931, "total_time": 196.80806136131287, "unique_stack_smash_count": 20}