{"build_result": false, "start_time": 1760044446.2641454, "end_time": 1760044528.5747867, "total_time": 82.31064009666443, "unique_stack_smash_count": 0}