{"build_result": false, "start_time": 1760169732.986612, "end_time": 1760169903.5201478, "total_time": 170.5335350036621, "unique_stack_smash_count": 0}