{"build_result": true, "start_time": 1760085025.9645524, "end_time": 1760085212.472881, "total_time": 186.5083281993866, "unique_stack_smash_count": 20}