{"build_result": false, "start_time": 1760089923.9906485, "end_time": 1760090066.9799056, "total_time": 142.98925590515137, "unique_stack_smash_count": 0}