{"build_result": true, "start_time": 1760183510.9410508, "end_time": 1760183708.6557739, "total_time": 197.71472215652466, "unique_stack_smash_count": 20}