{"build_result": true, "start_time": 1760083680.1591985, "end_time": 1760083865.602555, "total_time": 185.4433557987213, "unique_stack_smash_count": 20}