{"build_result": true, "start_time": 1760071173.0108209, "end_time": 1760071359.3064127, "total_time": 186.29559135437012, "unique_stack_smash_count": 20}