{"build_result": false, "start_time": 1760115094.9286914, "end_time": 1760115182.6133783, "total_time": 87.68468642234802, "unique_stack_smash_count": 0}