{"build_result": true, "start_time": 1760171085.9513657, "end_time": 1760171283.1729054, "total_time": 197.2215392589569, "unique_stack_smash_count": 20}