{"build_result": true, "start_time": 1760097573.2088554, "end_time": 1760097759.1425595, "total_time": 185.93370366096497, "unique_stack_smash_count": 20}