{"build_result": true, "start_time": 1760064576.1901667, "end_time": 1760064762.0397003, "total_time": 185.8495330810547, "unique_stack_smash_count": 20}