{"build_result": true, "start_time": 1760116924.7608137, "end_time": 1760117121.3091726, "total_time": 196.54835844039917, "unique_stack_smash_count": 20}