{"build_result": true, "start_time": 1760095598.7116387, "end_time": 1760095784.9620183, "total_time": 186.25037908554077, "unique_stack_smash_count": 20}