{"build_result": true, "start_time": 1760164667.3338246, "end_time": 1760164863.9951098, "total_time": 196.6612844467163, "unique_stack_smash_count": 20}