{"build_result": false, "start_time": 1760067042.5890853, "end_time": 1760067231.6972623, "total_time": 189.1081759929657, "unique_stack_smash_count": 0}