{"build_result": true, "start_time": 1760116727.442401, "end_time": 1760116924.6708436, "total_time": 197.22844171524048, "unique_stack_smash_count": 20}