{"build_result": true, "start_time": 1760096610.5443892, "end_time": 1760096797.4664366, "total_time": 186.92204666137695, "unique_stack_smash_count": 20}