{"build_result": true, "start_time": 1760188664.4106658, "end_time": 1760188861.8844535, "total_time": 197.47378706932068, "unique_stack_smash_count": 20}