{"build_result": false, "start_time": 1760190815.668798, "end_time": 1760190986.0956845, "total_time": 170.4268856048584, "unique_stack_smash_count": 0}