{"build_result": true, "start_time": 1760070675.8850763, "end_time": 1760070861.3356404, "total_time": 185.45056343078613, "unique_stack_smash_count": 20}