{"build_result": true, "start_time": 1760074562.5847483, "end_time": 1760074747.8802142, "total_time": 185.29546546936035, "unique_stack_smash_count": 20}