{"build_result": false, "start_time": 1760073077.0828726, "end_time": 1760073252.0429301, "total_time": 174.96005654335022, "unique_stack_smash_count": 0}