{"build_result": true, "start_time": 1760050994.5539675, "end_time": 1760051185.751285, "total_time": 191.19731640815735, "unique_stack_smash_count": 20}