{"build_result": true, "start_time": 1760153481.6770458, "end_time": 1760153679.9543393, "total_time": 198.27729296684265, "unique_stack_smash_count": 20}