{"build_result": true, "start_time": 1760157994.0899022, "end_time": 1760158194.9719112, "total_time": 200.88200783729553, "unique_stack_smash_count": 20}