{"build_result": true, "start_time": 1760200474.7854643, "end_time": 1760200671.555943, "total_time": 196.77047777175903, "unique_stack_smash_count": 20}