{"build_result": true, "start_time": 1760199094.8323843, "end_time": 1760199291.592221, "total_time": 196.7598352432251, "unique_stack_smash_count": 20}