{"build_result": false, "start_time": 1760152680.1397765, "end_time": 1760152849.7760434, "total_time": 169.63626527786255, "unique_stack_smash_count": 0}