{"build_result": false, "start_time": 1760101724.2864132, "end_time": 1760101853.3733504, "total_time": 129.08693623542786, "unique_stack_smash_count": 0}