{"build_result": true, "start_time": 1760174862.5440698, "end_time": 1760175060.606617, "total_time": 198.06254649162292, "unique_stack_smash_count": 20}