{"build_result": true, "start_time": 1760140111.1398835, "end_time": 1760140305.3563159, "total_time": 194.2164318561554, "unique_stack_smash_count": 20}