{"build_result": true, "start_time": 1760134960.3293812, "end_time": 1760135156.942637, "total_time": 196.61325454711914, "unique_stack_smash_count": 20}