{"build_result": false, "start_time": 1760111845.0419378, "end_time": 1760111988.9164982, "total_time": 143.87455940246582, "unique_stack_smash_count": 0}