{"build_result": true, "start_time": 1760206145.1823237, "end_time": 1760206338.378817, "total_time": 193.19649195671082, "unique_stack_smash_count": 20}