{"build_result": true, "start_time": 1760170100.3580914, "end_time": 1760170297.8272533, "total_time": 197.46916127204895, "unique_stack_smash_count": 20}