{"build_result": true, "start_time": 1760055343.6275613, "end_time": 1760055529.6780043, "total_time": 186.05044198036194, "unique_stack_smash_count": 20}