{"build_result": false, "start_time": 1760065320.745034, "end_time": 1760065464.3366115, "total_time": 143.5915765762329, "unique_stack_smash_count": 0}