{"build_result": true, "start_time": 1760047807.9420516, "end_time": 1760047991.7791266, "total_time": 183.83707427978516, "unique_stack_smash_count": 20}