{"build_result": true, "start_time": 1760176377.4745972, "end_time": 1760176574.981479, "total_time": 197.50688099861145, "unique_stack_smash_count": 20}