{"build_result": true, "start_time": 1760123454.7580445, "end_time": 1760123648.9360166, "total_time": 194.1779706478119, "unique_stack_smash_count": 20}