{"build_result": true, "start_time": 1760072169.9608366, "end_time": 1760072356.317699, "total_time": 186.3568618297577, "unique_stack_smash_count": 20}