{"build_result": true, "start_time": 1760155427.0985754, "end_time": 1760155623.3791075, "total_time": 196.28053092956543, "unique_stack_smash_count": 20}