{"build_result": true, "start_time": 1760196596.2810974, "end_time": 1760196793.5929534, "total_time": 197.31185507774353, "unique_stack_smash_count": 20}