{"build_result": true, "start_time": 1760101005.100087, "end_time": 1760101191.0785387, "total_time": 185.97845125198364, "unique_stack_smash_count": 20}