{"build_result": false, "start_time": 1760119170.140518, "end_time": 1760119333.9175527, "total_time": 163.7770335674286, "unique_stack_smash_count": 0}