{"build_result": true, "start_time": 1760153851.5989223, "end_time": 1760154048.7700534, "total_time": 197.17113041877747, "unique_stack_smash_count": 20}