{"build_result": true, "start_time": 1760075303.018242, "end_time": 1760075488.5604286, "total_time": 185.54218649864197, "unique_stack_smash_count": 20}