{"build_result": true, "start_time": 1760093478.8330803, "end_time": 1760093658.5725281, "total_time": 179.73944735527039, "unique_stack_smash_count": 20}