{"build_result": true, "start_time": 1760053126.4044359, "end_time": 1760053313.0546067, "total_time": 186.6501693725586, "unique_stack_smash_count": 20}