{"build_result": true, "start_time": 1760047991.9142697, "end_time": 1760048176.9620874, "total_time": 185.04781699180603, "unique_stack_smash_count": 20}