{"build_result": true, "start_time": 1760195701.1927469, "end_time": 1760195897.423142, "total_time": 196.23039364814758, "unique_stack_smash_count": 20}