{"build_result": false, "start_time": 1760078727.381926, "end_time": 1760078912.8254964, "total_time": 185.4435694217682, "unique_stack_smash_count": 0}