{"build_result": false, "start_time": 1760061352.4639268, "end_time": 1760061480.6953518, "total_time": 128.23142337799072, "unique_stack_smash_count": 0}