{"build_result": true, "start_time": 1760070861.4727557, "end_time": 1760071044.383877, "total_time": 182.91112089157104, "unique_stack_smash_count": 20}