{"build_result": false, "start_time": 1760185168.769686, "end_time": 1760185242.3153186, "total_time": 73.5456314086914, "unique_stack_smash_count": 0}