{"build_result": true, "start_time": 1760184774.9314106, "end_time": 1760184971.4609587, "total_time": 196.52954721450806, "unique_stack_smash_count": 20}