{"build_result": true, "start_time": 1760149237.254541, "end_time": 1760149434.0207567, "total_time": 196.76621532440186, "unique_stack_smash_count": 20}