{"build_result": true, "start_time": 1760131697.5711422, "end_time": 1760131894.6453269, "total_time": 197.07418417930603, "unique_stack_smash_count": 20}