{"build_result": false, "start_time": 1760089740.5400054, "end_time": 1760089923.9876955, "total_time": 183.44768857955933, "unique_stack_smash_count": 0}