{"build_result": false, "start_time": 1760194438.521532, "end_time": 1760194541.9575362, "total_time": 103.43600344657898, "unique_stack_smash_count": 0}