{"build_result": false, "start_time": 1760143473.6070526, "end_time": 1760143480.7449226, "total_time": 7.137869119644165, "unique_stack_smash_count": 0}