{"build_result": true, "start_time": 1760133349.3708453, "end_time": 1760133545.8464806, "total_time": 196.47563433647156, "unique_stack_smash_count": 20}