{"build_result": true, "start_time": 1760068358.8129668, "end_time": 1760068544.6120942, "total_time": 185.79912614822388, "unique_stack_smash_count": 20}