{"build_result": true, "start_time": 1760176774.9847014, "end_time": 1760176972.2019973, "total_time": 197.21729469299316, "unique_stack_smash_count": 20}