{"build_result": true, "start_time": 1760147840.3603468, "end_time": 1760148035.7842722, "total_time": 195.4239239692688, "unique_stack_smash_count": 20}