{"build_result": true, "start_time": 1760175393.1798391, "end_time": 1760175589.8977427, "total_time": 196.71790289878845, "unique_stack_smash_count": 20}