{"build_result": true, "start_time": 1760163438.1080248, "end_time": 1760163634.5140202, "total_time": 196.40599370002747, "unique_stack_smash_count": 20}