{"build_result": true, "start_time": 1760081311.9447446, "end_time": 1760081497.391565, "total_time": 185.44682002067566, "unique_stack_smash_count": 20}