{"build_result": true, "start_time": 1760143078.1313083, "end_time": 1760143274.048699, "total_time": 195.91738963127136, "unique_stack_smash_count": 20}