{"build_result": true, "start_time": 1760057120.6576738, "end_time": 1760057303.587521, "total_time": 182.92984676361084, "unique_stack_smash_count": 20}