{"build_result": true, "start_time": 1760204165.6541295, "end_time": 1760204362.966695, "total_time": 197.31256437301636, "unique_stack_smash_count": 20}