{"build_result": true, "start_time": 1760143480.8834412, "end_time": 1760143679.1117244, "total_time": 198.22828221321106, "unique_stack_smash_count": 20}