{"build_result": true, "start_time": 1760156421.1728735, "end_time": 1760156617.8880901, "total_time": 196.7152156829834, "unique_stack_smash_count": 20}