{"build_result": true, "start_time": 1760068172.7271478, "end_time": 1760068358.679102, "total_time": 185.95195388793945, "unique_stack_smash_count": 20}