{"build_result": true, "start_time": 1760176180.905825, "end_time": 1760176377.3838103, "total_time": 196.47798442840576, "unique_stack_smash_count": 20}