{"build_result": true, "start_time": 1760074191.0249922, "end_time": 1760074376.7220447, "total_time": 185.69705200195312, "unique_stack_smash_count": 20}