{"build_result": true, "start_time": 1760054970.612422, "end_time": 1760055156.9074268, "total_time": 186.2950041294098, "unique_stack_smash_count": 20}