{"build_result": true, "start_time": 1760063172.2908058, "end_time": 1760063357.885594, "total_time": 185.59478759765625, "unique_stack_smash_count": 20}