{"build_result": true, "start_time": 1760119708.241028, "end_time": 1760119897.0915961, "total_time": 188.85056710243225, "unique_stack_smash_count": 20}