{"build_result": true, "start_time": 1760142357.9459276, "end_time": 1760142551.3487575, "total_time": 193.40282940864563, "unique_stack_smash_count": 20}