{"build_result": false, "start_time": 1760118111.670765, "end_time": 1760118297.602385, "total_time": 185.9316189289093, "unique_stack_smash_count": 0}