{"build_result": false, "start_time": 1760091531.865401, "end_time": 1760091601.6329389, "total_time": 69.76753664016724, "unique_stack_smash_count": 0}