{"build_result": true, "start_time": 1760054071.1128776, "end_time": 1760054258.2026675, "total_time": 187.08978962898254, "unique_stack_smash_count": 20}