{"build_result": true, "start_time": 1760131894.7811768, "end_time": 1760132091.7917197, "total_time": 197.01054191589355, "unique_stack_smash_count": 20}