{"build_result": true, "start_time": 1760161585.4308763, "end_time": 1760161786.0579467, "total_time": 200.62706899642944, "unique_stack_smash_count": 20}