{"build_result": true, "start_time": 1760165465.5449681, "end_time": 1760165662.4738526, "total_time": 196.92888355255127, "unique_stack_smash_count": 20}