{"build_result": false, "start_time": 1760177157.7082562, "end_time": 1760177164.893904, "total_time": 7.1856465339660645, "unique_stack_smash_count": 0}