{"build_result": true, "start_time": 1760046283.2383997, "end_time": 1760046470.3430848, "total_time": 187.10468459129333, "unique_stack_smash_count": 20}