{"build_result": false, "start_time": 1760074005.5964925, "end_time": 1760074190.889701, "total_time": 185.29320764541626, "unique_stack_smash_count": 0}