{"build_result": true, "start_time": 1760075516.2095587, "end_time": 1760075701.6559882, "total_time": 185.44642877578735, "unique_stack_smash_count": 20}