{"build_result": true, "start_time": 1760088694.053712, "end_time": 1760088880.0521443, "total_time": 185.99843192100525, "unique_stack_smash_count": 20}