{"build_result": true, "start_time": 1760055866.5462415, "end_time": 1760056052.6504707, "total_time": 186.10422897338867, "unique_stack_smash_count": 20}