{"build_result": true, "start_time": 1760134566.3112233, "end_time": 1760134763.313949, "total_time": 197.00272488594055, "unique_stack_smash_count": 20}