{"build_result": false, "start_time": 1760133248.4611683, "end_time": 1760133349.2787485, "total_time": 100.81757998466492, "unique_stack_smash_count": 0}