{"build_result": true, "start_time": 1760160520.533118, "end_time": 1760160716.6974518, "total_time": 196.16433262825012, "unique_stack_smash_count": 20}