{"build_result": false, "start_time": 1760125009.636893, "end_time": 1760125163.0793214, "total_time": 153.4424273967743, "unique_stack_smash_count": 0}