{"build_result": true, "start_time": 1760143679.201804, "end_time": 1760143875.425259, "total_time": 196.22345447540283, "unique_stack_smash_count": 20}