{"build_result": false, "start_time": 1760164431.7254162, "end_time": 1760164462.8854113, "total_time": 31.15999436378479, "unique_stack_smash_count": 0}