{"build_result": true, "start_time": 1760109995.3167593, "end_time": 1760110181.7574315, "total_time": 186.4406716823578, "unique_stack_smash_count": 20}