{"build_result": true, "start_time": 1760056401.795824, "end_time": 1760056588.1982577, "total_time": 186.40243268013, "unique_stack_smash_count": 20}