{"build_result": false, "start_time": 1760063726.1964297, "end_time": 1760063823.9193382, "total_time": 97.72290778160095, "unique_stack_smash_count": 0}