{"build_result": true, "start_time": 1760086186.1250544, "end_time": 1760086372.2290747, "total_time": 186.1040198802948, "unique_stack_smash_count": 20}