{"build_result": true, "start_time": 1760180776.8793898, "end_time": 1760180973.7505805, "total_time": 196.87119030952454, "unique_stack_smash_count": 20}