{"build_result": false, "start_time": 1760071857.3699534, "end_time": 1760071984.648859, "total_time": 127.27890467643738, "unique_stack_smash_count": 0}