{"build_result": true, "start_time": 1760170692.476359, "end_time": 1760170888.9111147, "total_time": 196.4347550868988, "unique_stack_smash_count": 20}