{"build_result": true, "start_time": 1760077925.8220716, "end_time": 1760078112.5246513, "total_time": 186.70257878303528, "unique_stack_smash_count": 20}