{"build_result": false, "start_time": 1760079273.158264, "end_time": 1760079302.3787084, "total_time": 29.22044348716736, "unique_stack_smash_count": 0}