{"build_result": false, "start_time": 1760106071.9112577, "end_time": 1760106081.5072563, "total_time": 9.595998048782349, "unique_stack_smash_count": 0}