{"build_result": true, "start_time": 1760201073.5044467, "end_time": 1760201268.9983485, "total_time": 195.49390053749084, "unique_stack_smash_count": 20}