{"build_result": false, "start_time": 1760070578.5768433, "end_time": 1760070675.7494233, "total_time": 97.17257905006409, "unique_stack_smash_count": 0}