{"build_result": false, "start_time": 1760082221.1520202, "end_time": 1760082382.7629943, "total_time": 161.61097288131714, "unique_stack_smash_count": 0}