{"build_result": true, "start_time": 1760085469.065071, "end_time": 1760085654.707608, "total_time": 185.6425359249115, "unique_stack_smash_count": 20}