{"build_result": true, "start_time": 1760175590.0335994, "end_time": 1760175787.012859, "total_time": 196.97925853729248, "unique_stack_smash_count": 20}