{"build_result": true, "start_time": 1760120083.84683, "end_time": 1760120270.891656, "total_time": 187.04482555389404, "unique_stack_smash_count": 20}