{"build_result": true, "start_time": 1760168203.8299274, "end_time": 1760168400.85008, "total_time": 197.02015209197998, "unique_stack_smash_count": 20}