{"build_result": true, "start_time": 1760074376.8573291, "end_time": 1760074562.4490244, "total_time": 185.59169483184814, "unique_stack_smash_count": 20}