{"build_result": true, "start_time": 1760080940.0768688, "end_time": 1760081125.9708686, "total_time": 185.89399909973145, "unique_stack_smash_count": 20}