{"build_result": true, "start_time": 1760120271.0248952, "end_time": 1760120460.460517, "total_time": 189.43562030792236, "unique_stack_smash_count": 20}