{"build_result": true, "start_time": 1760104672.0658574, "end_time": 1760104853.229909, "total_time": 181.1640510559082, "unique_stack_smash_count": 20}