{"build_result": true, "start_time": 1760136530.185763, "end_time": 1760136726.764338, "total_time": 196.57857418060303, "unique_stack_smash_count": 20}