{"build_result": false, "start_time": 1760174560.3296096, "end_time": 1760174692.1890404, "total_time": 131.8594298362732, "unique_stack_smash_count": 0}