{"build_result": true, "start_time": 1760176575.119151, "end_time": 1760176774.879343, "total_time": 199.76019144058228, "unique_stack_smash_count": 20}