{"build_result": true, "start_time": 1760126253.9146376, "end_time": 1760126448.9876041, "total_time": 195.07296586036682, "unique_stack_smash_count": 20}