{"build_result": true, "start_time": 1760125163.422744, "end_time": 1760125357.562249, "total_time": 194.13950371742249, "unique_stack_smash_count": 20}