{"build_result": true, "start_time": 1760082035.043047, "end_time": 1760082221.1416402, "total_time": 186.0985927581787, "unique_stack_smash_count": 20}