{"build_result": true, "start_time": 1760197934.1814978, "end_time": 1760198131.0558865, "total_time": 196.8743872642517, "unique_stack_smash_count": 20}