{"build_result": true, "start_time": 1760111111.554315, "end_time": 1760111298.3924477, "total_time": 186.83813214302063, "unique_stack_smash_count": 20}