{"build_result": false, "start_time": 1760138259.0752277, "end_time": 1760138429.2541494, "total_time": 170.1789195537567, "unique_stack_smash_count": 0}