{"build_result": true, "start_time": 1760164470.1085327, "end_time": 1760164667.2375047, "total_time": 197.12897086143494, "unique_stack_smash_count": 20}