{"build_result": false, "start_time": 1760144938.9647818, "end_time": 1760145139.6384075, "total_time": 200.67362356185913, "unique_stack_smash_count": 0}