{"build_result": true, "start_time": 1760127979.8938415, "end_time": 1760128176.4258387, "total_time": 196.53199577331543, "unique_stack_smash_count": 20}