{"build_result": false, "start_time": 1760153679.9586694, "end_time": 1760153851.4545293, "total_time": 171.49585914611816, "unique_stack_smash_count": 0}