{"build_result": true, "start_time": 1760146412.5457997, "end_time": 1760146608.473035, "total_time": 195.92723393440247, "unique_stack_smash_count": 20}