{"build_result": false, "start_time": 1760193415.2857618, "end_time": 1760193611.510866, "total_time": 196.22510361671448, "unique_stack_smash_count": 0}