{"build_result": false, "start_time": 1760098814.4482753, "end_time": 1760098971.9283192, "total_time": 157.48004293441772, "unique_stack_smash_count": 0}