{"build_result": true, "start_time": 1760102700.2081249, "end_time": 1760102882.8390002, "total_time": 182.63087511062622, "unique_stack_smash_count": 20}