{"build_result": false, "start_time": 1760121326.8854325, "end_time": 1760121397.6504414, "total_time": 70.76500797271729, "unique_stack_smash_count": 0}