{"build_result": true, "start_time": 1760164864.1315408, "end_time": 1760165060.8585002, "total_time": 196.72695899009705, "unique_stack_smash_count": 20}