{"build_result": false, "start_time": 1760079488.2728066, "end_time": 1760079615.854323, "total_time": 127.58151531219482, "unique_stack_smash_count": 0}