{"build_result": true, "start_time": 1760090786.8870919, "end_time": 1760090973.1971533, "total_time": 186.3100607395172, "unique_stack_smash_count": 20}