{"build_result": true, "start_time": 1760167676.6766107, "end_time": 1760167873.5954583, "total_time": 196.9188461303711, "unique_stack_smash_count": 20}