{"build_result": true, "start_time": 1760087437.29725, "end_time": 1760087624.197034, "total_time": 186.89978337287903, "unique_stack_smash_count": 20}