{"build_result": false, "start_time": 1760106266.642161, "end_time": 1760106455.432508, "total_time": 188.79034614562988, "unique_stack_smash_count": 0}