{"build_result": false, "start_time": 1760106455.443735, "end_time": 1760106627.1694186, "total_time": 171.72568249702454, "unique_stack_smash_count": 0}