{"build_result": true, "start_time": 1760122733.7551072, "end_time": 1760122923.671099, "total_time": 189.91599011421204, "unique_stack_smash_count": 20}