{"build_result": true, "start_time": 1760082753.0400898, "end_time": 1760082938.486767, "total_time": 185.44667625427246, "unique_stack_smash_count": 20}