{"build_result": true, "start_time": 1760090600.8973947, "end_time": 1760090786.7520785, "total_time": 185.8546826839447, "unique_stack_smash_count": 20}