{"build_result": true, "start_time": 1760123844.878471, "end_time": 1760124040.6970556, "total_time": 195.8185839653015, "unique_stack_smash_count": 20}