{"build_result": true, "start_time": 1760056588.3343842, "end_time": 1760056772.7701824, "total_time": 184.43579769134521, "unique_stack_smash_count": 20}