{"build_result": true, "start_time": 1760055157.04253, "end_time": 1760055343.4914997, "total_time": 186.4489688873291, "unique_stack_smash_count": 20}