{"build_result": true, "start_time": 1760046470.4784145, "end_time": 1760046656.877957, "total_time": 186.39954161643982, "unique_stack_smash_count": 20}