{"build_result": false, "start_time": 1760153318.33562, "end_time": 1760153481.542698, "total_time": 163.20707774162292, "unique_stack_smash_count": 0}