{"build_result": true, "start_time": 1760194936.2355254, "end_time": 1760195137.9195075, "total_time": 201.68398141860962, "unique_stack_smash_count": 20}