{"build_result": true, "start_time": 1760201269.4359388, "end_time": 1760201465.2019148, "total_time": 195.76597499847412, "unique_stack_smash_count": 20}