{"build_result": false, "start_time": 1760192444.2280433, "end_time": 1760192475.7904134, "total_time": 31.562368869781494, "unique_stack_smash_count": 0}