{"build_result": true, "start_time": 1760047621.1038902, "end_time": 1760047807.8067434, "total_time": 186.7028524875641, "unique_stack_smash_count": 20}