{"build_result": true, "start_time": 1760091158.7711391, "end_time": 1760091345.5245333, "total_time": 186.75339365005493, "unique_stack_smash_count": 20}