{"build_result": true, "start_time": 1760157207.3607402, "end_time": 1760157403.7227962, "total_time": 196.3620548248291, "unique_stack_smash_count": 20}