{"build_result": true, "start_time": 1760060603.3613207, "end_time": 1760060790.303801, "total_time": 186.94247961044312, "unique_stack_smash_count": 20}