{"build_result": true, "start_time": 1760136924.0009634, "end_time": 1760137121.0119221, "total_time": 197.0109579563141, "unique_stack_smash_count": 20}