{"build_result": true, "start_time": 1760062139.493429, "end_time": 1760062325.243707, "total_time": 185.7502772808075, "unique_stack_smash_count": 20}