{"build_result": true, "start_time": 1760169903.5993874, "end_time": 1760170100.2613354, "total_time": 196.66194701194763, "unique_stack_smash_count": 20}