{"build_result": true, "start_time": 1760117925.5668745, "end_time": 1760118111.6540966, "total_time": 186.08722186088562, "unique_stack_smash_count": 20}