{"build_result": false, "start_time": 1760141297.2814884, "end_time": 1760141304.4184825, "total_time": 7.136993408203125, "unique_stack_smash_count": 0}