{"build_result": true, "start_time": 1760188467.39783, "end_time": 1760188664.2730877, "total_time": 196.8752567768097, "unique_stack_smash_count": 20}