{"build_result": false, "start_time": 1760105724.690537, "end_time": 1760105885.4335432, "total_time": 160.74300527572632, "unique_stack_smash_count": 0}