{"build_result": true, "start_time": 1760201465.2968931, "end_time": 1760201662.7083604, "total_time": 197.41146659851074, "unique_stack_smash_count": 20}