{"build_result": false, "start_time": 1760149631.286272, "end_time": 1760149816.6717858, "total_time": 185.38551259040833, "unique_stack_smash_count": 0}