{"build_result": true, "start_time": 1760192673.3613005, "end_time": 1760192869.5447886, "total_time": 196.18348693847656, "unique_stack_smash_count": 20}