{"build_result": false, "start_time": 1760164038.5293148, "end_time": 1760164234.297607, "total_time": 195.7682912349701, "unique_stack_smash_count": 0}