{"build_result": true, "start_time": 1760193218.8673909, "end_time": 1760193415.2816257, "total_time": 196.4142336845398, "unique_stack_smash_count": 20}