{"build_result": true, "start_time": 1760107871.0865753, "end_time": 1760108057.225374, "total_time": 186.13879823684692, "unique_stack_smash_count": 20}