{"build_result": true, "start_time": 1760068544.7478206, "end_time": 1760068730.7459092, "total_time": 185.99808812141418, "unique_stack_smash_count": 20}