{"build_result": false, "start_time": 1760189329.8172672, "end_time": 1760189433.5032501, "total_time": 103.68598198890686, "unique_stack_smash_count": 0}