{"build_result": true, "start_time": 1760069509.2535994, "end_time": 1760069691.5411286, "total_time": 182.28752851486206, "unique_stack_smash_count": 20}