{"build_result": false, "start_time": 1760118489.677944, "end_time": 1760118572.7372825, "total_time": 83.0593376159668, "unique_stack_smash_count": 0}