{"build_result": true, "start_time": 1760141101.2247956, "end_time": 1760141297.2797327, "total_time": 196.05493640899658, "unique_stack_smash_count": 20}