{"build_result": false, "start_time": 1760067725.612118, "end_time": 1760067755.1773372, "total_time": 29.56521773338318, "unique_stack_smash_count": 0}