{"build_result": true, "start_time": 1760191667.6050797, "end_time": 1760191864.6833396, "total_time": 197.0782594680786, "unique_stack_smash_count": 20}