{"build_result": false, "start_time": 1760174334.317734, "end_time": 1760174365.7735007, "total_time": 31.45576572418213, "unique_stack_smash_count": 0}