{"build_result": true, "start_time": 1760058520.0492177, "end_time": 1760058705.4470937, "total_time": 185.39787554740906, "unique_stack_smash_count": 20}