{"build_result": false, "start_time": 1760102601.338541, "end_time": 1760102671.0541632, "total_time": 69.71562051773071, "unique_stack_smash_count": 0}