{"build_result": true, "start_time": 1760204363.098597, "end_time": 1760204558.9708662, "total_time": 195.87226843833923, "unique_stack_smash_count": 20}