{"build_result": false, "start_time": 1760136352.7334697, "end_time": 1760136426.9140196, "total_time": 74.1805489063263, "unique_stack_smash_count": 0}