{"build_result": true, "start_time": 1760060161.9210997, "end_time": 1760060345.3573709, "total_time": 183.43626999855042, "unique_stack_smash_count": 20}