{"build_result": false, "start_time": 1760142748.7200108, "end_time": 1760142881.4122572, "total_time": 132.69224500656128, "unique_stack_smash_count": 0}