{"build_result": true, "start_time": 1760133743.3288212, "end_time": 1760133936.4881415, "total_time": 193.15931916236877, "unique_stack_smash_count": 20}