{"build_result": true, "start_time": 1760096797.5982044, "end_time": 1760096986.9334838, "total_time": 189.33527898788452, "unique_stack_smash_count": 20}