{"build_result": true, "start_time": 1760187874.5894725, "end_time": 1760188071.420589, "total_time": 196.83111548423767, "unique_stack_smash_count": 20}