{"build_result": false, "start_time": 1760084052.2983048, "end_time": 1760084238.6517231, "total_time": 186.3534173965454, "unique_stack_smash_count": 0}