{"build_result": true, "start_time": 1760156022.741115, "end_time": 1760156220.1027508, "total_time": 197.36163449287415, "unique_stack_smash_count": 20}