{"build_result": false, "start_time": 1760081952.2941537, "end_time": 1760082034.9066458, "total_time": 82.61249136924744, "unique_stack_smash_count": 0}