{"build_result": true, "start_time": 1760081126.1066453, "end_time": 1760081311.8086574, "total_time": 185.70201134681702, "unique_stack_smash_count": 20}