{"build_result": true, "start_time": 1760072890.6145282, "end_time": 1760073077.071941, "total_time": 186.45741248130798, "unique_stack_smash_count": 20}