{"build_result": true, "start_time": 1760149816.8071406, "end_time": 1760150013.2745292, "total_time": 196.4673879146576, "unique_stack_smash_count": 20}