{"build_result": false, "start_time": 1760155623.3882713, "end_time": 1760155794.5672162, "total_time": 171.17894434928894, "unique_stack_smash_count": 0}