{"build_result": true, "start_time": 1760189133.2529936, "end_time": 1760189329.814567, "total_time": 196.56157302856445, "unique_stack_smash_count": 20}