{"build_result": true, "start_time": 1760054258.3365567, "end_time": 1760054444.7344582, "total_time": 186.3979001045227, "unique_stack_smash_count": 20}