{"build_result": true, "start_time": 1760060416.2294016, "end_time": 1760060603.2274773, "total_time": 186.9980752468109, "unique_stack_smash_count": 20}