{"build_result": false, "start_time": 1760122923.6827414, "end_time": 1760123057.1017497, "total_time": 133.4190068244934, "unique_stack_smash_count": 0}