{"build_result": true, "start_time": 1760125937.8894675, "end_time": 1760126121.9906197, "total_time": 184.10115146636963, "unique_stack_smash_count": 20}