{"build_result": false, "start_time": 1760171283.1814005, "end_time": 1760171418.9762592, "total_time": 135.79485774040222, "unique_stack_smash_count": 0}