{"build_result": true, "start_time": 1760113563.9980009, "end_time": 1760113758.0270312, "total_time": 194.02902913093567, "unique_stack_smash_count": 20}