{"build_result": false, "start_time": 1760168400.8544927, "end_time": 1760168475.1997702, "total_time": 74.34527611732483, "unique_stack_smash_count": 0}