{"build_result": true, "start_time": 1760178623.0746984, "end_time": 1760178818.998378, "total_time": 195.92367911338806, "unique_stack_smash_count": 20}