{"build_result": true, "start_time": 1760173550.4322624, "end_time": 1760173744.0302258, "total_time": 193.5979619026184, "unique_stack_smash_count": 20}