{"build_result": true, "start_time": 1760083311.5530934, "end_time": 1760083494.7960522, "total_time": 183.24295830726624, "unique_stack_smash_count": 20}