{"build_result": true, "start_time": 1760158195.0641696, "end_time": 1760158391.5954509, "total_time": 196.53128051757812, "unique_stack_smash_count": 20}