{"build_result": true, "start_time": 1760142161.2920244, "end_time": 1760142357.808059, "total_time": 196.51603388786316, "unique_stack_smash_count": 20}