{"build_result": false, "start_time": 1760186905.70812, "end_time": 1760187076.9481046, "total_time": 171.23998403549194, "unique_stack_smash_count": 0}