{"build_result": false, "start_time": 1760059454.9501913, "end_time": 1760059599.8394518, "total_time": 144.88925957679749, "unique_stack_smash_count": 0}