{"build_result": false, "start_time": 1760098347.3706582, "end_time": 1760098533.2166727, "total_time": 185.84601354599, "unique_stack_smash_count": 0}