{"build_result": false, "start_time": 1760094537.3433435, "end_time": 1760094566.814138, "total_time": 29.4707932472229, "unique_stack_smash_count": 0}