{"build_result": true, "start_time": 1760127006.0613177, "end_time": 1760127201.5913866, "total_time": 195.53006839752197, "unique_stack_smash_count": 20}