{"build_result": false, "start_time": 1760120589.9062378, "end_time": 1760120660.3719442, "total_time": 70.46570539474487, "unique_stack_smash_count": 0}