{"build_result": true, "start_time": 1760106810.779672, "end_time": 1760106997.116094, "total_time": 186.33642172813416, "unique_stack_smash_count": 20}