{"build_result": false, "start_time": 1760077763.225652, "end_time": 1760077925.6868773, "total_time": 162.46122407913208, "unique_stack_smash_count": 0}