{"build_result": true, "start_time": 1760111298.5232651, "end_time": 1760111484.1125684, "total_time": 185.5893030166626, "unique_stack_smash_count": 20}