{"build_result": false, "start_time": 1760087090.6489105, "end_time": 1760087252.1122026, "total_time": 161.4632911682129, "unique_stack_smash_count": 0}