{"build_result": true, "start_time": 1760056934.7615156, "end_time": 1760057120.4612117, "total_time": 185.6996955871582, "unique_stack_smash_count": 20}