{"build_result": false, "start_time": 1760049882.3681397, "end_time": 1760049892.3638995, "total_time": 9.99575924873352, "unique_stack_smash_count": 0}