{"build_result": true, "start_time": 1760177871.1027315, "end_time": 1760178058.9356046, "total_time": 187.83287143707275, "unique_stack_smash_count": 20}