{"build_result": true, "start_time": 1760111989.0501907, "end_time": 1760112177.17463, "total_time": 188.12443852424622, "unique_stack_smash_count": 20}