{"build_result": true, "start_time": 1760170493.8320928, "end_time": 1760170692.343082, "total_time": 198.5109884738922, "unique_stack_smash_count": 20}