{"build_result": false, "start_time": 1760062697.1283956, "end_time": 1760062824.4116535, "total_time": 127.28325724601746, "unique_stack_smash_count": 0}