{"build_result": true, "start_time": 1760187447.2591639, "end_time": 1760187645.45967, "total_time": 198.20050573349, "unique_stack_smash_count": 20}