{"build_result": false, "start_time": 1760068010.529415, "end_time": 1760068172.5904796, "total_time": 162.0610637664795, "unique_stack_smash_count": 0}