{"build_result": true, "start_time": 1760172968.5324154, "end_time": 1760173164.5939324, "total_time": 196.06151604652405, "unique_stack_smash_count": 20}