{"build_result": true, "start_time": 1760110925.6331377, "end_time": 1760111111.4177163, "total_time": 185.78457808494568, "unique_stack_smash_count": 20}