{"build_result": false, "start_time": 1760094566.8167279, "end_time": 1760094573.3525648, "total_time": 6.5358359813690186, "unique_stack_smash_count": 0}