{"build_result": true, "start_time": 1760161065.6446147, "end_time": 1760161263.7634575, "total_time": 198.11884188652039, "unique_stack_smash_count": 20}