{"build_result": true, "start_time": 1760111659.351456, "end_time": 1760111845.0394442, "total_time": 185.68798732757568, "unique_stack_smash_count": 20}