{"build_result": true, "start_time": 1760195506.2036548, "end_time": 1760195701.0587037, "total_time": 194.85504746437073, "unique_stack_smash_count": 20}