{"build_result": true, "start_time": 1760091786.6259685, "end_time": 1760091971.274041, "total_time": 184.64807176589966, "unique_stack_smash_count": 20}