{"build_result": false, "start_time": 1760080252.9327614, "end_time": 1760080381.4748871, "total_time": 128.5421245098114, "unique_stack_smash_count": 0}