{"build_result": false, "start_time": 1760093658.579156, "end_time": 1760093819.8370073, "total_time": 161.25784969329834, "unique_stack_smash_count": 0}