{"build_result": true, "start_time": 1760199488.4644887, "end_time": 1760199684.1915987, "total_time": 195.72710871696472, "unique_stack_smash_count": 20}