{"build_result": false, "start_time": 1760114625.530008, "end_time": 1760114701.071196, "total_time": 75.5411868095398, "unique_stack_smash_count": 0}