{"build_result": true, "start_time": 1760080753.7863834, "end_time": 1760080939.9401813, "total_time": 186.15379738807678, "unique_stack_smash_count": 20}