{"build_result": true, "start_time": 1760086907.1558554, "end_time": 1760087090.6462574, "total_time": 183.49040150642395, "unique_stack_smash_count": 20}