{"build_result": false, "start_time": 1760167873.6018727, "end_time": 1760168006.877807, "total_time": 133.27593278884888, "unique_stack_smash_count": 0}