{"build_result": true, "start_time": 1760100262.1328197, "end_time": 1760100448.1708834, "total_time": 186.03806233406067, "unique_stack_smash_count": 20}