{"build_result": true, "start_time": 1760159369.869258, "end_time": 1760159566.5928001, "total_time": 196.7235414981842, "unique_stack_smash_count": 20}