{"build_result": false, "start_time": 1760087252.1153147, "end_time": 1760087437.1599987, "total_time": 185.04468297958374, "unique_stack_smash_count": 0}