{"build_result": true, "start_time": 1760146010.080031, "end_time": 1760146206.10061, "total_time": 196.02057814598083, "unique_stack_smash_count": 20}