{"build_result": true, "start_time": 1760081497.5273614, "end_time": 1760081683.726787, "total_time": 186.19942450523376, "unique_stack_smash_count": 20}