{"build_result": true, "start_time": 1760092704.8694909, "end_time": 1760092890.861924, "total_time": 185.99243235588074, "unique_stack_smash_count": 20}