{"build_result": true, "start_time": 1760184971.597577, "end_time": 1760185168.7656114, "total_time": 197.16803240776062, "unique_stack_smash_count": 20}