{"build_result": false, "start_time": 1760062100.0885296, "end_time": 1760062129.6587193, "total_time": 29.570188522338867, "unique_stack_smash_count": 0}