{"build_result": true, "start_time": 1760088507.3124976, "end_time": 1760088693.9187386, "total_time": 186.60624027252197, "unique_stack_smash_count": 20}