{"build_result": true, "start_time": 1760047432.416338, "end_time": 1760047620.970688, "total_time": 188.55434918403625, "unique_stack_smash_count": 20}