{"build_result": true, "start_time": 1760130294.3674836, "end_time": 1760130491.2372472, "total_time": 196.86976313591003, "unique_stack_smash_count": 20}