{"build_result": true, "start_time": 1760046657.0108461, "end_time": 1760046843.0619857, "total_time": 186.05113911628723, "unique_stack_smash_count": 20}