{"build_result": true, "start_time": 1760193611.646992, "end_time": 1760193808.4533327, "total_time": 196.80633997917175, "unique_stack_smash_count": 20}