{"build_result": true, "start_time": 1760124814.840293, "end_time": 1760125009.6156564, "total_time": 194.77536273002625, "unique_stack_smash_count": 20}