{"build_result": false, "start_time": 1760161263.7793288, "end_time": 1760161449.308286, "total_time": 185.52895593643188, "unique_stack_smash_count": 0}