{"build_result": true, "start_time": 1760197547.9780552, "end_time": 1760197744.6003914, "total_time": 196.62233543395996, "unique_stack_smash_count": 20}