{"build_result": true, "start_time": 1760162456.533649, "end_time": 1760162653.5022535, "total_time": 196.96860337257385, "unique_stack_smash_count": 20}