{"build_result": false, "start_time": 1760138822.9933798, "end_time": 1760138854.2023227, "total_time": 31.208942413330078, "unique_stack_smash_count": 0}