{"build_result": true, "start_time": 1760168672.03416, "end_time": 1760168867.9096043, "total_time": 195.8754436969757, "unique_stack_smash_count": 20}