{"build_result": true, "start_time": 1760205151.0549257, "end_time": 1760205348.277028, "total_time": 197.22210121154785, "unique_stack_smash_count": 20}