{"build_result": false, "start_time": 1760091601.6358373, "end_time": 1760091786.4900045, "total_time": 184.85416650772095, "unique_stack_smash_count": 0}