{"build_result": true, "start_time": 1760141768.312524, "end_time": 1760141964.4414904, "total_time": 196.12896513938904, "unique_stack_smash_count": 20}