{"build_result": true, "start_time": 1760199291.7251832, "end_time": 1760199488.3914382, "total_time": 196.6662540435791, "unique_stack_smash_count": 20}