{"build_result": true, "start_time": 1760129507.0725439, "end_time": 1760129704.183921, "total_time": 197.1113760471344, "unique_stack_smash_count": 20}