{"build_result": true, "start_time": 1760187676.888749, "end_time": 1760187874.4497187, "total_time": 197.560968875885, "unique_stack_smash_count": 20}