{"build_result": true, "start_time": 1760206338.5120485, "end_time": 1760206530.8024101, "total_time": 192.29036116600037, "unique_stack_smash_count": 20}