{"build_result": true, "start_time": 1760134763.4508965, "end_time": 1760134960.2372441, "total_time": 196.78634667396545, "unique_stack_smash_count": 20}