{"build_result": true, "start_time": 1760110367.867736, "end_time": 1760110553.811599, "total_time": 185.9438624382019, "unique_stack_smash_count": 20}