{"build_result": true, "start_time": 1760083494.932113, "end_time": 1760083680.0241406, "total_time": 185.0920271873474, "unique_stack_smash_count": 20}