{"build_result": true, "start_time": 1760193022.108465, "end_time": 1760193218.732138, "total_time": 196.62367248535156, "unique_stack_smash_count": 20}