{"build_result": true, "start_time": 1760110739.7236547, "end_time": 1760110925.496756, "total_time": 185.77310061454773, "unique_stack_smash_count": 20}