{"build_result": true, "start_time": 1760078256.755274, "end_time": 1760078443.0043037, "total_time": 186.2490291595459, "unique_stack_smash_count": 20}