{"build_result": true, "start_time": 1760132454.3433163, "end_time": 1760132651.3610408, "total_time": 197.01772379875183, "unique_stack_smash_count": 20}