{"build_result": false, "start_time": 1760099159.1575234, "end_time": 1760099287.0805433, "total_time": 127.92301893234253, "unique_stack_smash_count": 0}