{"build_result": true, "start_time": 1760134370.5120413, "end_time": 1760134566.232346, "total_time": 195.72030425071716, "unique_stack_smash_count": 20}