{"build_result": false, "start_time": 1760044528.5925148, "end_time": 1760044704.9474132, "total_time": 176.3548972606659, "unique_stack_smash_count": 0}