{"build_result": false, "start_time": 1760109146.2270062, "end_time": 1760109273.4516246, "total_time": 127.22461748123169, "unique_stack_smash_count": 0}