{"build_result": true, "start_time": 1760116528.7070527, "end_time": 1760116727.309996, "total_time": 198.60294246673584, "unique_stack_smash_count": 20}