{"build_result": true, "start_time": 1760063358.0234733, "end_time": 1760063540.293946, "total_time": 182.27047204971313, "unique_stack_smash_count": 20}