{"build_result": true, "start_time": 1760058705.5808415, "end_time": 1760058891.8858297, "total_time": 186.3049876689911, "unique_stack_smash_count": 20}