{"build_result": false, "start_time": 1760137255.2384255, "end_time": 1760137444.7273173, "total_time": 189.48889088630676, "unique_stack_smash_count": 0}