{"build_result": false, "start_time": 1760092510.1414735, "end_time": 1760092695.034387, "total_time": 184.89291191101074, "unique_stack_smash_count": 0}