{"build_result": true, "start_time": 1760086559.0134728, "end_time": 1760086745.3560126, "total_time": 186.34253931045532, "unique_stack_smash_count": 20}