{"build_result": true, "start_time": 1760084681.329442, "end_time": 1760084863.2665641, "total_time": 181.9371213912964, "unique_stack_smash_count": 20}