{"build_result": false, "start_time": 1760045080.5324023, "end_time": 1760045258.8518884, "total_time": 178.31948447227478, "unique_stack_smash_count": 0}