{"build_result": false, "start_time": 1760055691.5030224, "end_time": 1760055866.4096825, "total_time": 174.90665888786316, "unique_stack_smash_count": 0}