{"build_result": false, "start_time": 1760079096.7575066, "end_time": 1760079273.0164163, "total_time": 176.2589089870453, "unique_stack_smash_count": 0}