{"build_result": false, "start_time": 1760065650.1210093, "end_time": 1760065732.2833316, "total_time": 82.1623215675354, "unique_stack_smash_count": 0}