{"build_result": true, "start_time": 1760149434.1566417, "end_time": 1760149631.2700384, "total_time": 197.1133954524994, "unique_stack_smash_count": 20}