{"build_result": true, "start_time": 1760150974.4572685, "end_time": 1760151171.0233319, "total_time": 196.56606268882751, "unique_stack_smash_count": 20}