{"build_result": true, "start_time": 1760160324.3718913, "end_time": 1760160520.4389079, "total_time": 196.0670154094696, "unique_stack_smash_count": 20}