{"build_result": true, "start_time": 1760194006.0019484, "end_time": 1760194202.523746, "total_time": 196.52179718017578, "unique_stack_smash_count": 20}