{"build_result": false, "start_time": 1760162653.505664, "end_time": 1760162789.549544, "total_time": 136.04387950897217, "unique_stack_smash_count": 0}