{"build_result": true, "start_time": 1760129901.375993, "end_time": 1760130097.1899462, "total_time": 195.81395268440247, "unique_stack_smash_count": 20}