{"build_result": false, "start_time": 1760177738.691749, "end_time": 1760177870.9633505, "total_time": 132.27160096168518, "unique_stack_smash_count": 0}