{"build_result": false, "start_time": 1760099472.9518518, "end_time": 1760099544.3761935, "total_time": 71.42434072494507, "unique_stack_smash_count": 0}