{"build_result": false, "start_time": 1760185635.7397895, "end_time": 1760185787.5359807, "total_time": 151.79619073867798, "unique_stack_smash_count": 0}