{"build_result": true, "start_time": 1760175787.1477118, "end_time": 1760175983.4752824, "total_time": 196.32756996154785, "unique_stack_smash_count": 20}