{"build_result": false, "start_time": 1760045676.6837835, "end_time": 1760045759.495237, "total_time": 82.81145286560059, "unique_stack_smash_count": 0}