{"build_result": false, "start_time": 1760057373.367067, "end_time": 1760057535.772489, "total_time": 162.40542101860046, "unique_stack_smash_count": 0}