{"build_result": true, "start_time": 1760189433.661994, "end_time": 1760189630.6713576, "total_time": 197.0093629360199, "unique_stack_smash_count": 20}