{"build_result": true, "start_time": 1760168868.0456777, "end_time": 1760169064.4774666, "total_time": 196.43178820610046, "unique_stack_smash_count": 20}