{"build_result": true, "start_time": 1760144279.1088629, "end_time": 1760144475.7206464, "total_time": 196.6117823123932, "unique_stack_smash_count": 20}