{"build_result": false, "start_time": 1760195137.923809, "end_time": 1760195309.2167065, "total_time": 171.2928967475891, "unique_stack_smash_count": 0}