{"build_result": false, "start_time": 1760136426.9185786, "end_time": 1760136530.0490384, "total_time": 103.13045859336853, "unique_stack_smash_count": 0}