{"build_result": true, "start_time": 1760093106.4581966, "end_time": 1760093292.3569946, "total_time": 185.89879751205444, "unique_stack_smash_count": 20}