{"build_result": false, "start_time": 1760176972.2099671, "end_time": 1760177157.4419532, "total_time": 185.2319850921631, "unique_stack_smash_count": 0}