{"build_result": true, "start_time": 1760052752.540933, "end_time": 1760052939.732141, "total_time": 187.1912076473236, "unique_stack_smash_count": 20}