{"build_result": true, "start_time": 1760141375.750639, "end_time": 1760141572.2180643, "total_time": 196.46742415428162, "unique_stack_smash_count": 20}