{"build_result": true, "start_time": 1760130097.3228557, "end_time": 1760130294.232606, "total_time": 196.9097490310669, "unique_stack_smash_count": 20}