{"build_result": true, "start_time": 1760164234.4054987, "end_time": 1760164431.722225, "total_time": 197.31672477722168, "unique_stack_smash_count": 20}