{"build_result": false, "start_time": 1760069876.8846617, "end_time": 1760070020.3186145, "total_time": 143.43395161628723, "unique_stack_smash_count": 0}