{"build_result": false, "start_time": 1760050908.7701979, "end_time": 1760050994.422205, "total_time": 85.65200614929199, "unique_stack_smash_count": 0}