{"build_result": true, "start_time": 1760166848.2052944, "end_time": 1760167044.7209506, "total_time": 196.51565527915955, "unique_stack_smash_count": 20}