{"build_result": false, "start_time": 1760147833.0905724, "end_time": 1760147840.2260163, "total_time": 7.1354429721832275, "unique_stack_smash_count": 0}