{"build_result": true, "start_time": 1760068789.9291584, "end_time": 1760068975.7196865, "total_time": 185.79052734375, "unique_stack_smash_count": 20}