{"build_result": false, "start_time": 1760197180.8766267, "end_time": 1760197351.020463, "total_time": 170.14383506774902, "unique_stack_smash_count": 0}