{"build_result": false, "start_time": 1760111484.1232939, "end_time": 1760111659.2152522, "total_time": 175.09195733070374, "unique_stack_smash_count": 0}