{"build_result": true, "start_time": 1760194739.4358459, "end_time": 1760194936.0988982, "total_time": 196.6630516052246, "unique_stack_smash_count": 20}