{"build_result": true, "start_time": 1760172768.1650517, "end_time": 1760172968.396791, "total_time": 200.23173880577087, "unique_stack_smash_count": 20}