{"build_result": false, "start_time": 1760061795.1713216, "end_time": 1760061956.5836635, "total_time": 161.41234064102173, "unique_stack_smash_count": 0}