{"build_result": true, "start_time": 1760145815.5750458, "end_time": 1760146009.9423542, "total_time": 194.36730670928955, "unique_stack_smash_count": 20}