{"build_result": true, "start_time": 1760117738.1457546, "end_time": 1760117925.4824367, "total_time": 187.33668088912964, "unique_stack_smash_count": 20}