{"build_result": true, "start_time": 1760190986.5563514, "end_time": 1760191183.4286468, "total_time": 196.8722939491272, "unique_stack_smash_count": 20}