{"build_result": false, "start_time": 1760095784.9713702, "end_time": 1760095866.7329416, "total_time": 81.76157021522522, "unique_stack_smash_count": 0}