{"build_result": true, "start_time": 1760135747.8456845, "end_time": 1760135947.0408015, "total_time": 199.1951162815094, "unique_stack_smash_count": 20}