{"build_result": true, "start_time": 1760119521.6161785, "end_time": 1760119708.107423, "total_time": 186.49124360084534, "unique_stack_smash_count": 20}