{"build_result": true, "start_time": 1760168475.3364687, "end_time": 1760168671.8999066, "total_time": 196.56343746185303, "unique_stack_smash_count": 20}