{"build_result": true, "start_time": 1760090973.3334649, "end_time": 1760091158.6340919, "total_time": 185.300626039505, "unique_stack_smash_count": 20}