{"build_result": true, "start_time": 1760203797.693092, "end_time": 1760203994.9775379, "total_time": 197.28444409370422, "unique_stack_smash_count": 20}