{"build_result": false, "start_time": 1760059086.3599727, "end_time": 1760059264.2201867, "total_time": 177.86021280288696, "unique_stack_smash_count": 0}