{"build_result": false, "start_time": 1760132292.0281932, "end_time": 1760132379.9591184, "total_time": 87.9309241771698, "unique_stack_smash_count": 0}