{"build_result": true, "start_time": 1760097200.6002185, "end_time": 1760097387.4474244, "total_time": 186.84720516204834, "unique_stack_smash_count": 20}