{"build_result": true, "start_time": 1760131235.6891868, "end_time": 1760131433.0030954, "total_time": 197.31390762329102, "unique_stack_smash_count": 20}