{"build_result": false, "start_time": 1760058171.3177392, "end_time": 1760058333.2209287, "total_time": 161.90318846702576, "unique_stack_smash_count": 0}