{"build_result": false, "start_time": 1760085212.4788513, "end_time": 1760085282.4468791, "total_time": 69.96802711486816, "unique_stack_smash_count": 0}