{"build_result": true, "start_time": 1760052939.867602, "end_time": 1760053126.267991, "total_time": 186.40038800239563, "unique_stack_smash_count": 20}