{"build_result": true, "start_time": 1760127398.478434, "end_time": 1760127594.5497801, "total_time": 196.07134532928467, "unique_stack_smash_count": 20}