{"build_result": false, "start_time": 1760047402.7643838, "end_time": 1760047432.2829337, "total_time": 29.51854968070984, "unique_stack_smash_count": 0}