{"build_result": true, "start_time": 1760138429.388787, "end_time": 1760138625.9074988, "total_time": 196.51871061325073, "unique_stack_smash_count": 20}