{"build_result": true, "start_time": 1760080068.8860512, "end_time": 1760080252.9303985, "total_time": 184.0443468093872, "unique_stack_smash_count": 20}