{"build_result": true, "start_time": 1760071984.7864766, "end_time": 1760072169.8252144, "total_time": 185.0387372970581, "unique_stack_smash_count": 20}