{"build_result": false, "start_time": 1760057303.5933387, "end_time": 1760057373.360464, "total_time": 69.76712441444397, "unique_stack_smash_count": 0}