{"build_result": true, "start_time": 1760048926.3579805, "end_time": 1760049119.7770903, "total_time": 193.41910934448242, "unique_stack_smash_count": 20}