{"build_result": false, "start_time": 1760071359.3153012, "end_time": 1760071485.4891794, "total_time": 126.17387747764587, "unique_stack_smash_count": 0}