{"build_result": false, "start_time": 1760144671.24882, "end_time": 1760144745.32992, "total_time": 74.08109927177429, "unique_stack_smash_count": 0}