{"build_result": true, "start_time": 1760154839.8008664, "end_time": 1760155034.6674547, "total_time": 194.86658787727356, "unique_stack_smash_count": 20}