{"build_result": false, "start_time": 1760049660.8907647, "end_time": 1760049690.4108129, "total_time": 29.520047187805176, "unique_stack_smash_count": 0}