{"build_result": true, "start_time": 1760117318.4260612, "end_time": 1760117517.2624469, "total_time": 198.8363847732544, "unique_stack_smash_count": 20}