{"build_result": true, "start_time": 1760128176.5009298, "end_time": 1760128373.261683, "total_time": 196.76075172424316, "unique_stack_smash_count": 20}