{"build_result": false, "start_time": 1760160150.195, "end_time": 1760160324.234803, "total_time": 174.03980207443237, "unique_stack_smash_count": 0}