{"build_result": false, "start_time": 1760077271.8652434, "end_time": 1760077447.47584, "total_time": 175.61059594154358, "unique_stack_smash_count": 0}