{"build_result": false, "start_time": 1760072728.726271, "end_time": 1760072890.47941, "total_time": 161.7531383037567, "unique_stack_smash_count": 0}