{"build_result": true, "start_time": 1760182746.9128554, "end_time": 1760182944.0479097, "total_time": 197.13505339622498, "unique_stack_smash_count": 20}