{"build_result": true, "start_time": 1760114701.2080655, "end_time": 1760114898.0999765, "total_time": 196.8919095993042, "unique_stack_smash_count": 20}