{"build_result": true, "start_time": 1760064390.3086634, "end_time": 1760064576.0537891, "total_time": 185.7451250553131, "unique_stack_smash_count": 20}