{"build_result": true, "start_time": 1760088880.1877542, "end_time": 1760089063.1206868, "total_time": 182.932932138443, "unique_stack_smash_count": 20}