{"build_result": true, "start_time": 1760066672.4102244, "end_time": 1760066858.7144175, "total_time": 186.30419182777405, "unique_stack_smash_count": 20}