{"build_result": true, "start_time": 1760050332.6713252, "end_time": 1760050525.610037, "total_time": 192.9387104511261, "unique_stack_smash_count": 20}