{"build_result": true, "start_time": 1760102045.5447547, "end_time": 1760102231.087929, "total_time": 185.5431740283966, "unique_stack_smash_count": 20}