{"build_result": true, "start_time": 1760114354.7907841, "end_time": 1760114551.3204024, "total_time": 196.52961778640747, "unique_stack_smash_count": 20}