{"build_result": true, "start_time": 1760182550.813246, "end_time": 1760182746.77534, "total_time": 195.9620931148529, "unique_stack_smash_count": 20}