{"build_result": false, "start_time": 1760132651.365822, "end_time": 1760132682.8255332, "total_time": 31.459710121154785, "unique_stack_smash_count": 0}