{"build_result": true, "start_time": 1760108960.7855773, "end_time": 1760109146.2245886, "total_time": 185.4390106201172, "unique_stack_smash_count": 20}