{"build_result": false, "start_time": 1760139443.5638905, "end_time": 1760139579.1367714, "total_time": 135.57288026809692, "unique_stack_smash_count": 0}