{"build_result": true, "start_time": 1760159953.7696662, "end_time": 1760160150.19254, "total_time": 196.4228732585907, "unique_stack_smash_count": 20}