{"build_result": true, "start_time": 1760196094.9620159, "end_time": 1760196290.8934484, "total_time": 195.9314317703247, "unique_stack_smash_count": 20}