{"build_result": true, "start_time": 1760144082.662826, "end_time": 1760144278.9747882, "total_time": 196.31196069717407, "unique_stack_smash_count": 20}