{"build_result": true, "start_time": 1760099287.217447, "end_time": 1760099472.9474556, "total_time": 185.7300078868866, "unique_stack_smash_count": 20}