{"build_result": true, "start_time": 1760179213.6332633, "end_time": 1760179410.2720299, "total_time": 196.638765335083, "unique_stack_smash_count": 20}