{"build_result": false, "start_time": 1760075488.5631323, "end_time": 1760075516.0745044, "total_time": 27.51137113571167, "unique_stack_smash_count": 0}