{"build_result": false, "start_time": 1760156220.1067255, "end_time": 1760156421.084249, "total_time": 200.97752237319946, "unique_stack_smash_count": 0}