{"build_result": true, "start_time": 1760132682.958956, "end_time": 1760132879.8908794, "total_time": 196.93192267417908, "unique_stack_smash_count": 20}