{"build_result": true, "start_time": 1760060790.436477, "end_time": 1760060977.2768073, "total_time": 186.8403298854828, "unique_stack_smash_count": 20}