{"build_result": true, "start_time": 1760108057.3636422, "end_time": 1760108236.6766398, "total_time": 179.31299710273743, "unique_stack_smash_count": 20}