{"build_result": true, "start_time": 1760052379.554016, "end_time": 1760052566.2840054, "total_time": 186.72998881340027, "unique_stack_smash_count": 20}