{"build_result": true, "start_time": 1760180383.1474173, "end_time": 1760180580.0782394, "total_time": 196.93082094192505, "unique_stack_smash_count": 20}