{"build_result": false, "start_time": 1760179608.089122, "end_time": 1760179618.7345006, "total_time": 10.64537787437439, "unique_stack_smash_count": 0}