{"build_result": true, "start_time": 1760126810.3133533, "end_time": 1760127005.9258957, "total_time": 195.61254119873047, "unique_stack_smash_count": 20}