{"build_result": true, "start_time": 1760051185.8850913, "end_time": 1760051376.47234, "total_time": 190.5872483253479, "unique_stack_smash_count": 20}