{"build_result": false, "start_time": 1760045759.5017617, "end_time": 1760045920.5038326, "total_time": 161.00206995010376, "unique_stack_smash_count": 0}