{"build_result": false, "start_time": 1760123266.3139515, "end_time": 1760123454.667951, "total_time": 188.35399866104126, "unique_stack_smash_count": 0}