{"build_result": true, "start_time": 1760047029.5305972, "end_time": 1760047215.9860396, "total_time": 186.4554409980774, "unique_stack_smash_count": 20}