{"build_result": false, "start_time": 1760177561.7166607, "end_time": 1760177568.8038766, "total_time": 7.087215185165405, "unique_stack_smash_count": 0}