{"build_result": true, "start_time": 1760085282.5832078, "end_time": 1760085468.929617, "total_time": 186.34640860557556, "unique_stack_smash_count": 20}