{"build_result": true, "start_time": 1760063540.4395332, "end_time": 1760063726.1891587, "total_time": 185.74962496757507, "unique_stack_smash_count": 20}