{"build_result": true, "start_time": 1760078912.9621544, "end_time": 1760079096.750019, "total_time": 183.78786420822144, "unique_stack_smash_count": 20}