{"build_result": false, "start_time": 1760068759.8212028, "end_time": 1760068789.792976, "total_time": 29.97177219390869, "unique_stack_smash_count": 0}