{"build_result": false, "start_time": 1760140637.034491, "end_time": 1760140771.8128502, "total_time": 134.77835869789124, "unique_stack_smash_count": 0}