{"build_result": true, "start_time": 1760088134.6845345, "end_time": 1760088321.2357116, "total_time": 186.55117678642273, "unique_stack_smash_count": 20}