{"build_result": true, "start_time": 1760107683.947806, "end_time": 1760107870.949681, "total_time": 187.00187468528748, "unique_stack_smash_count": 20}