{"build_result": true, "start_time": 1760118297.7387094, "end_time": 1760118489.668094, "total_time": 191.9293839931488, "unique_stack_smash_count": 20}