{"build_result": true, "start_time": 1760114126.643853, "end_time": 1760114323.7417367, "total_time": 197.09788274765015, "unique_stack_smash_count": 20}