{"build_result": true, "start_time": 1760049962.211992, "end_time": 1760050155.3127906, "total_time": 193.10079669952393, "unique_stack_smash_count": 20}