{"build_result": true, "start_time": 1760076712.6236122, "end_time": 1760076898.7646556, "total_time": 186.14104294776917, "unique_stack_smash_count": 20}