{"build_result": true, "start_time": 1760165662.608868, "end_time": 1760165859.9486003, "total_time": 197.33973145484924, "unique_stack_smash_count": 20}