{"build_result": false, "start_time": 1760089248.4260628, "end_time": 1760089410.0820484, "total_time": 161.65598464012146, "unique_stack_smash_count": 0}