{"build_result": true, "start_time": 1760100633.757183, "end_time": 1760100819.2405732, "total_time": 185.48338961601257, "unique_stack_smash_count": 20}