{"build_result": false, "start_time": 1760161873.452617, "end_time": 1760162063.2982407, "total_time": 189.84562349319458, "unique_stack_smash_count": 0}