{"build_result": true, "start_time": 1760092325.042445, "end_time": 1760092510.1388376, "total_time": 185.0963921546936, "unique_stack_smash_count": 20}