{"build_result": true, "start_time": 1760097387.5835605, "end_time": 1760097573.072534, "total_time": 185.48897242546082, "unique_stack_smash_count": 20}