{"build_result": true, "start_time": 1760169339.0431557, "end_time": 1760169535.8314662, "total_time": 196.78831005096436, "unique_stack_smash_count": 20}