{"build_result": true, "start_time": 1760138066.5071762, "end_time": 1760138259.0646293, "total_time": 192.55745196342468, "unique_stack_smash_count": 20}