{"build_result": false, "start_time": 1760112374.483651, "end_time": 1760112391.554519, "total_time": 17.07086706161499, "unique_stack_smash_count": 0}