{"build_result": true, "start_time": 1760192246.818304, "end_time": 1760192444.2250218, "total_time": 197.40671706199646, "unique_stack_smash_count": 20}