{"build_result": false, "start_time": 1760186182.9985478, "end_time": 1760186379.1641223, "total_time": 196.1655728816986, "unique_stack_smash_count": 0}