{"build_result": true, "start_time": 1760200277.838269, "end_time": 1760200474.6589935, "total_time": 196.82072281837463, "unique_stack_smash_count": 20}