{"build_result": true, "start_time": 1760048518.6460822, "end_time": 1760048706.843938, "total_time": 188.19785523414612, "unique_stack_smash_count": 20}