{"build_result": false, "start_time": 1760049497.3902326, "end_time": 1760049660.8871417, "total_time": 163.49690747261047, "unique_stack_smash_count": 0}