{"build_result": true, "start_time": 1760101853.509624, "end_time": 1760102038.638658, "total_time": 185.12903356552124, "unique_stack_smash_count": 20}