{"build_result": false, "start_time": 1760201066.2223532, "end_time": 1760201073.4079657, "total_time": 7.185611724853516, "unique_stack_smash_count": 0}