{"build_result": true, "start_time": 1760200080.5869944, "end_time": 1760200277.7025743, "total_time": 197.11557912826538, "unique_stack_smash_count": 20}