{"build_result": true, "start_time": 1760167480.7698839, "end_time": 1760167676.538713, "total_time": 195.76882815361023, "unique_stack_smash_count": 20}