{"build_result": false, "start_time": 1760196793.5950038, "end_time": 1760196984.1450696, "total_time": 190.55006527900696, "unique_stack_smash_count": 0}