{"build_result": true, "start_time": 1760193808.5486815, "end_time": 1760194005.8631308, "total_time": 197.31444883346558, "unique_stack_smash_count": 20}