{"build_result": false, "start_time": 1760102671.0571725, "end_time": 1760102700.072096, "total_time": 29.014922380447388, "unique_stack_smash_count": 0}