{"build_result": true, "start_time": 1760102882.9760742, "end_time": 1760103068.770941, "total_time": 185.79486656188965, "unique_stack_smash_count": 20}