{"build_result": true, "start_time": 1760158778.6881623, "end_time": 1760158975.562805, "total_time": 196.87464118003845, "unique_stack_smash_count": 20}