{"build_result": false, "start_time": 1760067301.4724638, "end_time": 1760067370.8418293, "total_time": 69.3693642616272, "unique_stack_smash_count": 0}