{"build_result": true, "start_time": 1760112391.690577, "end_time": 1760112578.4565196, "total_time": 186.7659420967102, "unique_stack_smash_count": 20}