{"build_result": true, "start_time": 1760106081.6422327, "end_time": 1760106266.6347067, "total_time": 184.99247360229492, "unique_stack_smash_count": 20}