{"build_result": true, "start_time": 1760118982.599003, "end_time": 1760119170.1337285, "total_time": 187.5347249507904, "unique_stack_smash_count": 20}