{"build_result": true, "start_time": 1760151171.1590056, "end_time": 1760151368.4779203, "total_time": 197.318913936615, "unique_stack_smash_count": 20}