{"build_result": true, "start_time": 1760070020.4548943, "end_time": 1760070206.3961537, "total_time": 185.94125866889954, "unique_stack_smash_count": 20}