{"build_result": true, "start_time": 1760078541.215717, "end_time": 1760078727.371087, "total_time": 186.1553692817688, "unique_stack_smash_count": 20}