{"build_result": false, "start_time": 1760146402.1642034, "end_time": 1760146412.4109604, "total_time": 10.246755361557007, "unique_stack_smash_count": 0}