{"build_result": true, "start_time": 1760124234.1571696, "end_time": 1760124427.9841752, "total_time": 193.8270046710968, "unique_stack_smash_count": 20}