{"build_result": true, "start_time": 1760136159.616777, "end_time": 1760136352.7309396, "total_time": 193.11416149139404, "unique_stack_smash_count": 20}