{"build_result": true, "start_time": 1760119897.2282374, "end_time": 1760120083.7132502, "total_time": 186.48501205444336, "unique_stack_smash_count": 20}