{"build_result": false, "start_time": 1760068730.7487895, "end_time": 1760068759.8161206, "total_time": 29.06733012199402, "unique_stack_smash_count": 0}