{"build_result": false, "start_time": 1760094736.0861, "end_time": 1760094805.8068979, "total_time": 69.72079682350159, "unique_stack_smash_count": 0}