{"build_result": true, "start_time": 1760052566.41865, "end_time": 1760052752.4061797, "total_time": 185.9875283241272, "unique_stack_smash_count": 20}