{"build_result": false, "start_time": 1760115532.4966898, "end_time": 1760115735.3601792, "total_time": 202.8634889125824, "unique_stack_smash_count": 0}