{"build_result": false, "start_time": 1760052307.003372, "end_time": 1760052379.4166772, "total_time": 72.41330432891846, "unique_stack_smash_count": 0}