{"build_result": true, "start_time": 1760145139.7235868, "end_time": 1760145335.655532, "total_time": 195.93194437026978, "unique_stack_smash_count": 20}