{"build_result": true, "start_time": 1760058333.314069, "end_time": 1760058519.9133575, "total_time": 186.59928798675537, "unique_stack_smash_count": 20}