{"build_result": false, "start_time": 1760192475.7951279, "end_time": 1760192673.224858, "total_time": 197.4297297000885, "unique_stack_smash_count": 0}