{"build_result": true, "start_time": 1760149040.751195, "end_time": 1760149237.161256, "total_time": 196.41005969047546, "unique_stack_smash_count": 20}