{"build_result": true, "start_time": 1760062325.3801723, "end_time": 1760062511.5233994, "total_time": 186.14322662353516, "unique_stack_smash_count": 20}