{"build_result": true, "start_time": 1760110553.9477336, "end_time": 1760110739.5837545, "total_time": 185.63601994514465, "unique_stack_smash_count": 20}