{"build_result": true, "start_time": 1760184577.58238, "end_time": 1760184774.8411477, "total_time": 197.25876641273499, "unique_stack_smash_count": 20}