{"build_result": true, "start_time": 1760121397.782937, "end_time": 1760121586.507541, "total_time": 188.7246036529541, "unique_stack_smash_count": 20}