{"build_result": true, "start_time": 1760064010.4957643, "end_time": 1760064197.0995114, "total_time": 186.60374641418457, "unique_stack_smash_count": 20}