{"build_result": true, "start_time": 1760145335.9567873, "end_time": 1760145531.9695137, "total_time": 196.01272535324097, "unique_stack_smash_count": 20}