{"build_result": true, "start_time": 1760179410.3637252, "end_time": 1760179608.087135, "total_time": 197.7234082221985, "unique_stack_smash_count": 20}