{"build_result": true, "start_time": 1760059787.701161, "end_time": 1760059974.7412853, "total_time": 187.04012393951416, "unique_stack_smash_count": 20}