{"build_result": true, "start_time": 1760064762.1756117, "end_time": 1760064948.366717, "total_time": 186.19110488891602, "unique_stack_smash_count": 20}