{"build_result": true, "start_time": 1760171811.795079, "end_time": 1760172005.5534797, "total_time": 193.75839948654175, "unique_stack_smash_count": 20}