{"build_result": true, "start_time": 1760124428.1181037, "end_time": 1760124620.5506, "total_time": 192.43249440193176, "unique_stack_smash_count": 20}