{"build_result": true, "start_time": 1760082569.2657838, "end_time": 1760082752.9039311, "total_time": 183.63814687728882, "unique_stack_smash_count": 20}