{"build_result": false, "start_time": 1760140503.7097452, "end_time": 1760140637.0267124, "total_time": 133.316965341568, "unique_stack_smash_count": 0}