{"build_result": false, "start_time": 1760197351.0327125, "end_time": 1760197547.842174, "total_time": 196.80945992469788, "unique_stack_smash_count": 0}