{"build_result": true, "start_time": 1760127594.6262603, "end_time": 1760127783.4215744, "total_time": 188.79531288146973, "unique_stack_smash_count": 20}