{"build_result": false, "start_time": 1760048835.7389362, "end_time": 1760048926.2258565, "total_time": 90.48691940307617, "unique_stack_smash_count": 0}