{"build_result": false, "start_time": 1760128943.2143233, "end_time": 1760129113.1458952, "total_time": 169.93157052993774, "unique_stack_smash_count": 0}