{"build_result": true, "start_time": 1760130646.8662767, "end_time": 1760130841.167976, "total_time": 194.3016984462738, "unique_stack_smash_count": 20}