{"build_result": false, "start_time": 1760122726.5349374, "end_time": 1760122733.6220737, "total_time": 7.0871360301971436, "unique_stack_smash_count": 0}