{"build_result": true, "start_time": 1760089410.375405, "end_time": 1760089597.031576, "total_time": 186.656170129776, "unique_stack_smash_count": 20}