{"build_result": false, "start_time": 1760148674.6808598, "end_time": 1760148844.5157087, "total_time": 169.83484840393066, "unique_stack_smash_count": 0}