{"build_result": true, "start_time": 1760107497.6692748, "end_time": 1760107683.8101463, "total_time": 186.14087080955505, "unique_stack_smash_count": 20}