{"build_result": true, "start_time": 1760102231.2249882, "end_time": 1760102417.823454, "total_time": 186.5984652042389, "unique_stack_smash_count": 20}