{"build_result": true, "start_time": 1760157797.5726373, "end_time": 1760157993.996889, "total_time": 196.4242513179779, "unique_stack_smash_count": 20}