{"build_result": true, "start_time": 1760190220.6387703, "end_time": 1760190415.3559482, "total_time": 194.71717739105225, "unique_stack_smash_count": 20}