{"build_result": true, "start_time": 1760137641.3195317, "end_time": 1760137837.8421106, "total_time": 196.5225784778595, "unique_stack_smash_count": 20}