{"build_result": true, "start_time": 1760186379.3024783, "end_time": 1760186576.1704602, "total_time": 196.8679814338684, "unique_stack_smash_count": 20}