{"build_result": false, "start_time": 1760113956.4157186, "end_time": 1760114126.5095887, "total_time": 170.09386920928955, "unique_stack_smash_count": 0}