{"build_result": true, "start_time": 1760054784.7231514, "end_time": 1760054970.4767687, "total_time": 185.75361680984497, "unique_stack_smash_count": 20}