{"build_result": true, "start_time": 1760139247.1965435, "end_time": 1760139443.559413, "total_time": 196.36286854743958, "unique_stack_smash_count": 20}