{"build_result": true, "start_time": 1760162260.531513, "end_time": 1760162456.3974104, "total_time": 195.86589646339417, "unique_stack_smash_count": 20}