{"build_result": true, "start_time": 1760201860.1619775, "end_time": 1760202056.563167, "total_time": 196.40118861198425, "unique_stack_smash_count": 20}