{"build_result": true, "start_time": 1760205753.8822672, "end_time": 1760205948.2491212, "total_time": 194.3668532371521, "unique_stack_smash_count": 20}