{"build_result": true, "start_time": 1760179618.8238912, "end_time": 1760179815.4530919, "total_time": 196.62919974327087, "unique_stack_smash_count": 20}