{"build_result": true, "start_time": 1760191270.2504945, "end_time": 1760191470.3652453, "total_time": 200.11474990844727, "unique_stack_smash_count": 20}