{"build_result": false, "start_time": 1760053500.448483, "end_time": 1760053510.1458573, "total_time": 9.697374105453491, "unique_stack_smash_count": 0}