{"build_result": false, "start_time": 1760178058.9555805, "end_time": 1760178228.987523, "total_time": 170.03194117546082, "unique_stack_smash_count": 0}