{"build_result": true, "start_time": 1760115933.5792918, "end_time": 1760116132.578249, "total_time": 198.9989562034607, "unique_stack_smash_count": 20}