{"build_result": true, "start_time": 1760076525.7902107, "end_time": 1760076712.4878333, "total_time": 186.69762206077576, "unique_stack_smash_count": 20}