{"build_result": false, "start_time": 1760191864.6864142, "end_time": 1760192050.1751213, "total_time": 185.48870635032654, "unique_stack_smash_count": 0}