{"build_result": true, "start_time": 1760155034.803002, "end_time": 1760155230.373813, "total_time": 195.57081007957458, "unique_stack_smash_count": 20}