{"build_result": true, "start_time": 1760103564.5134585, "end_time": 1760103750.3991454, "total_time": 185.8856863975525, "unique_stack_smash_count": 20}