{"build_result": true, "start_time": 1760066300.6510565, "end_time": 1760066486.7468185, "total_time": 186.09576177597046, "unique_stack_smash_count": 20}