{"build_result": true, "start_time": 1760053313.190336, "end_time": 1760053500.4463668, "total_time": 187.25603032112122, "unique_stack_smash_count": 20}