{"build_result": true, "start_time": 1760152924.2213416, "end_time": 1760153121.7794986, "total_time": 197.5581557750702, "unique_stack_smash_count": 20}