{"build_result": true, "start_time": 1760179815.5884814, "end_time": 1760180012.26376, "total_time": 196.67527747154236, "unique_stack_smash_count": 20}