{"build_result": true, "start_time": 1760104122.138736, "end_time": 1760104307.7652266, "total_time": 185.6264898777008, "unique_stack_smash_count": 20}