{"build_result": false, "start_time": 1760057952.8958688, "end_time": 1760058042.3149207, "total_time": 89.41905093193054, "unique_stack_smash_count": 0}