{"build_result": true, "start_time": 1760051759.7853246, "end_time": 1760051950.8156571, "total_time": 191.0303316116333, "unique_stack_smash_count": 20}