{"build_result": true, "start_time": 1760112177.4629025, "end_time": 1760112364.7859232, "total_time": 187.32301998138428, "unique_stack_smash_count": 20}