{"build_result": false, "start_time": 1760062824.4329946, "end_time": 1760062987.1891882, "total_time": 162.75619268417358, "unique_stack_smash_count": 0}