{"build_result": true, "start_time": 1760187077.0417426, "end_time": 1760187272.5542703, "total_time": 195.51252722740173, "unique_stack_smash_count": 20}