{"build_result": true, "start_time": 1760123064.226079, "end_time": 1760123256.101515, "total_time": 191.87543559074402, "unique_stack_smash_count": 20}