{"build_result": true, "start_time": 1760084308.7627892, "end_time": 1760084494.8160975, "total_time": 186.05330753326416, "unique_stack_smash_count": 20}