{"build_result": false, "start_time": 1760131038.9697301, "end_time": 1760131235.5968564, "total_time": 196.62712574005127, "unique_stack_smash_count": 0}