{"build_result": true, "start_time": 1760077576.7633436, "end_time": 1760077763.208305, "total_time": 186.44496083259583, "unique_stack_smash_count": 20}