{"build_result": false, "start_time": 1760099914.6319559, "end_time": 1760100075.9727008, "total_time": 161.3407440185547, "unique_stack_smash_count": 0}