{"build_result": false, "start_time": 1760140771.8147352, "end_time": 1760140904.7813454, "total_time": 132.9666085243225, "unique_stack_smash_count": 0}