{"build_result": true, "start_time": 1760142551.4836855, "end_time": 1760142748.710753, "total_time": 197.22706604003906, "unique_stack_smash_count": 20}