{"build_result": true, "start_time": 1760146608.613057, "end_time": 1760146802.0641816, "total_time": 193.4511239528656, "unique_stack_smash_count": 20}