{"build_result": true, "start_time": 1760174137.9902804, "end_time": 1760174334.315318, "total_time": 196.32503700256348, "unique_stack_smash_count": 20}