{"build_result": true, "start_time": 1760056215.7121232, "end_time": 1760056401.659665, "total_time": 185.94754147529602, "unique_stack_smash_count": 20}