{"build_result": false, "start_time": 1760177164.8998947, "end_time": 1760177365.3876178, "total_time": 200.48772263526917, "unique_stack_smash_count": 0}