{"build_result": true, "start_time": 1760103195.6263473, "end_time": 1760103381.8140469, "total_time": 186.18769884109497, "unique_stack_smash_count": 20}