{"build_result": true, "start_time": 1760171419.0499072, "end_time": 1760171615.7173662, "total_time": 196.66745829582214, "unique_stack_smash_count": 20}