{"build_result": true, "start_time": 1760107310.9391022, "end_time": 1760107497.5325518, "total_time": 186.59344840049744, "unique_stack_smash_count": 20}