{"build_result": true, "start_time": 1760065134.288967, "end_time": 1760065320.742527, "total_time": 186.4535596370697, "unique_stack_smash_count": 20}