{"build_result": false, "start_time": 1760203268.3492746, "end_time": 1760203404.0276432, "total_time": 135.67836737632751, "unique_stack_smash_count": 0}