{"build_result": true, "start_time": 1760077085.4738436, "end_time": 1760077271.8613648, "total_time": 186.38752055168152, "unique_stack_smash_count": 20}