{"build_result": false, "start_time": 1760197744.9040487, "end_time": 1760197934.0463545, "total_time": 189.1423041820526, "unique_stack_smash_count": 0}