{"build_result": true, "start_time": 1760120660.5053113, "end_time": 1760120848.4554083, "total_time": 187.9500961303711, "unique_stack_smash_count": 20}