{"build_result": false, "start_time": 1760054444.7444766, "end_time": 1760054588.2341533, "total_time": 143.4896755218506, "unique_stack_smash_count": 0}