{"build_result": true, "start_time": 1760121586.6420202, "end_time": 1760121773.2130916, "total_time": 186.57107090950012, "unique_stack_smash_count": 20}