{"build_result": true, "start_time": 1760192050.267803, "end_time": 1760192246.6828554, "total_time": 196.41505193710327, "unique_stack_smash_count": 20}