{"build_result": true, "start_time": 1760117121.4017968, "end_time": 1760117318.2916918, "total_time": 196.88989448547363, "unique_stack_smash_count": 20}