{"build_result": true, "start_time": 1760151959.5889072, "end_time": 1760152154.2168424, "total_time": 194.62793445587158, "unique_stack_smash_count": 20}