{"build_result": false, "start_time": 1760077447.4910746, "end_time": 1760077576.6253965, "total_time": 129.1343207359314, "unique_stack_smash_count": 0}