{"build_result": true, "start_time": 1760113366.8241837, "end_time": 1760113563.902936, "total_time": 197.07875180244446, "unique_stack_smash_count": 20}