{"build_result": false, "start_time": 1760184180.2183557, "end_time": 1760184380.1983216, "total_time": 199.97996497154236, "unique_stack_smash_count": 0}