{"build_result": false, "start_time": 1760094376.2290347, "end_time": 1760094537.3387642, "total_time": 161.1097285747528, "unique_stack_smash_count": 0}