{"build_result": true, "start_time": 1760179016.479457, "end_time": 1760179213.4977992, "total_time": 197.0183413028717, "unique_stack_smash_count": 20}