{"build_result": false, "start_time": 1760194202.5259535, "end_time": 1760194209.6620433, "total_time": 7.136088848114014, "unique_stack_smash_count": 0}