{"build_result": true, "start_time": 1760121965.4925616, "end_time": 1760122159.0800931, "total_time": 193.58753061294556, "unique_stack_smash_count": 20}