{"build_result": true, "start_time": 1760113168.506421, "end_time": 1760113366.6881979, "total_time": 198.18177580833435, "unique_stack_smash_count": 20}