{"build_result": true, "start_time": 1760204756.3669238, "end_time": 1760204953.3479207, "total_time": 196.98099613189697, "unique_stack_smash_count": 20}