{"build_result": false, "start_time": 1760061480.701401, "end_time": 1760061608.9909112, "total_time": 128.28950905799866, "unique_stack_smash_count": 0}