{"build_result": true, "start_time": 1760073438.3637552, "end_time": 1760073623.8623474, "total_time": 185.4985909461975, "unique_stack_smash_count": 20}