{"build_result": true, "start_time": 1760095088.795836, "end_time": 1760095273.5318158, "total_time": 184.73597884178162, "unique_stack_smash_count": 20}