{"build_result": true, "start_time": 1760064197.2364535, "end_time": 1760064383.5361354, "total_time": 186.29968094825745, "unique_stack_smash_count": 20}