{"build_result": true, "start_time": 1760084494.952777, "end_time": 1760084681.191028, "total_time": 186.23825097084045, "unique_stack_smash_count": 20}