{"build_result": true, "start_time": 1760138626.0010357, "end_time": 1760138822.7850904, "total_time": 196.78405380249023, "unique_stack_smash_count": 20}