{"build_result": true, "start_time": 1760160716.8342397, "end_time": 1760160914.119227, "total_time": 197.28498649597168, "unique_stack_smash_count": 20}