{"build_result": false, "start_time": 1760198551.8955772, "end_time": 1760198722.1408749, "total_time": 170.24529647827148, "unique_stack_smash_count": 0}