{"build_result": true, "start_time": 1760128373.3559892, "end_time": 1760128574.4767897, "total_time": 201.12079977989197, "unique_stack_smash_count": 20}