{"build_result": true, "start_time": 1760148844.6516678, "end_time": 1760149040.6150937, "total_time": 195.96342539787292, "unique_stack_smash_count": 20}