{"build_result": true, "start_time": 1760062511.6318626, "end_time": 1760062697.126075, "total_time": 185.49421215057373, "unique_stack_smash_count": 20}