{"build_result": false, "start_time": 1760148035.7929857, "end_time": 1760148122.879345, "total_time": 87.08635783195496, "unique_stack_smash_count": 0}