{"build_result": true, "start_time": 1760051950.9502196, "end_time": 1760052140.2708611, "total_time": 189.32063961029053, "unique_stack_smash_count": 20}