{"build_result": true, "start_time": 1760173164.7281497, "end_time": 1760173361.7510371, "total_time": 197.02288675308228, "unique_stack_smash_count": 20}