{"build_result": false, "start_time": 1760145727.2026813, "end_time": 1760145815.4392517, "total_time": 88.23656916618347, "unique_stack_smash_count": 0}