{"build_result": true, "start_time": 1760074748.0161986, "end_time": 1760074932.1613913, "total_time": 184.14519214630127, "unique_stack_smash_count": 20}