{"build_result": true, "start_time": 1760166067.1780558, "end_time": 1760166264.2526264, "total_time": 197.07456994056702, "unique_stack_smash_count": 20}