{"build_result": true, "start_time": 1760123649.069351, "end_time": 1760123844.7454455, "total_time": 195.67609357833862, "unique_stack_smash_count": 20}