{"build_result": false, "start_time": 1760087624.2075222, "end_time": 1760087767.3360445, "total_time": 143.12852120399475, "unique_stack_smash_count": 0}