{"build_result": true, "start_time": 1760163645.0484715, "end_time": 1760163840.9606924, "total_time": 195.91222047805786, "unique_stack_smash_count": 20}