{"build_result": false, "start_time": 1760139579.1488843, "end_time": 1760139718.6448143, "total_time": 139.49592852592468, "unique_stack_smash_count": 0}