{"build_result": false, "start_time": 1760086745.3628273, "end_time": 1760086907.01842, "total_time": 161.6555917263031, "unique_stack_smash_count": 0}