{"build_result": true, "start_time": 1760152486.6340253, "end_time": 1760152680.136824, "total_time": 193.50279784202576, "unique_stack_smash_count": 20}