{"build_result": true, "start_time": 1760095866.8694477, "end_time": 1760096051.8153822, "total_time": 184.94593405723572, "unique_stack_smash_count": 20}