{"build_result": true, "start_time": 1760093292.493442, "end_time": 1760093478.6948137, "total_time": 186.20137095451355, "unique_stack_smash_count": 20}