{"build_result": true, "start_time": 1760087951.4050267, "end_time": 1760088134.5489225, "total_time": 183.14389538764954, "unique_stack_smash_count": 20}