{"build_result": false, "start_time": 1760169064.4848754, "end_time": 1760169138.6712554, "total_time": 74.18637871742249, "unique_stack_smash_count": 0}