{"build_result": true, "start_time": 1760165257.656155, "end_time": 1760165458.2225525, "total_time": 200.56639671325684, "unique_stack_smash_count": 20}