{"build_result": true, "start_time": 1760151565.2820861, "end_time": 1760151762.4985905, "total_time": 197.21650338172913, "unique_stack_smash_count": 20}