{"build_result": false, "start_time": 1760159566.5998554, "end_time": 1760159755.7464788, "total_time": 189.14662218093872, "unique_stack_smash_count": 0}