{"build_result": false, "start_time": 1760048364.6491954, "end_time": 1760048518.5134337, "total_time": 153.86423707008362, "unique_stack_smash_count": 0}