{"build_result": true, "start_time": 1760051568.2211537, "end_time": 1760051759.6529028, "total_time": 191.4317479133606, "unique_stack_smash_count": 20}