{"build_result": true, "start_time": 1760140904.9183698, "end_time": 1760141101.0895433, "total_time": 196.17117285728455, "unique_stack_smash_count": 20}