{"build_result": false, "start_time": 1760203994.9830394, "end_time": 1760204165.5597043, "total_time": 170.57666444778442, "unique_stack_smash_count": 0}