{"build_result": true, "start_time": 1760112773.9973578, "end_time": 1760112971.6576698, "total_time": 197.66031098365784, "unique_stack_smash_count": 20}