{"build_result": false, "start_time": 1760177365.3936796, "end_time": 1760177561.7144952, "total_time": 196.32081365585327, "unique_stack_smash_count": 0}