{"build_result": true, "start_time": 1760181565.811407, "end_time": 1760181763.0820122, "total_time": 197.27060389518738, "unique_stack_smash_count": 20}