{"build_result": true, "start_time": 1760098160.9196615, "end_time": 1760098347.3670483, "total_time": 186.44738626480103, "unique_stack_smash_count": 20}