{"build_result": false, "start_time": 1760095059.1379719, "end_time": 1760095088.658526, "total_time": 29.52055311203003, "unique_stack_smash_count": 0}