{"build_result": true, "start_time": 1760181171.0558674, "end_time": 1760181368.5145888, "total_time": 197.4587206840515, "unique_stack_smash_count": 20}