{"build_result": false, "start_time": 1760079801.5553098, "end_time": 1760079882.359422, "total_time": 80.80411124229431, "unique_stack_smash_count": 0}