{"build_result": true, "start_time": 1760171615.8547912, "end_time": 1760171811.6606538, "total_time": 195.80586123466492, "unique_stack_smash_count": 20}