{"build_result": true, "start_time": 1760047216.1198783, "end_time": 1760047402.7189417, "total_time": 186.59906268119812, "unique_stack_smash_count": 20}