{"build_result": true, "start_time": 1760065464.4196045, "end_time": 1760065650.114848, "total_time": 185.6952428817749, "unique_stack_smash_count": 20}