{"build_result": true, "start_time": 1760158975.646699, "end_time": 1760159173.076302, "total_time": 197.42960238456726, "unique_stack_smash_count": 20}