{"build_result": true, "start_time": 1760096238.2366111, "end_time": 1760096424.584335, "total_time": 186.34772276878357, "unique_stack_smash_count": 20}