{"build_result": true, "start_time": 1760147640.0480094, "end_time": 1760147833.0880601, "total_time": 193.04005002975464, "unique_stack_smash_count": 20}