{"build_result": true, "start_time": 1760099730.3340251, "end_time": 1760099914.6164808, "total_time": 184.28245496749878, "unique_stack_smash_count": 20}