{"build_result": false, "start_time": 1760147565.3519247, "end_time": 1760147639.9079647, "total_time": 74.55603790283203, "unique_stack_smash_count": 0}