{"build_result": false, "start_time": 1760180012.2707655, "end_time": 1760180182.0755386, "total_time": 169.80477094650269, "unique_stack_smash_count": 0}