{"build_result": true, "start_time": 1760143875.5136125, "end_time": 1760144072.2268026, "total_time": 196.7131896018982, "unique_stack_smash_count": 20}