{"build_result": false, "start_time": 1760118572.7409477, "end_time": 1760118603.316296, "total_time": 30.575347423553467, "unique_stack_smash_count": 0}