{"build_result": false, "start_time": 1760096986.9357898, "end_time": 1760097014.6982188, "total_time": 27.762428045272827, "unique_stack_smash_count": 0}