{"build_result": false, "start_time": 1760054774.7908173, "end_time": 1760054784.58828, "total_time": 9.797462224960327, "unique_stack_smash_count": 0}