{"build_result": true, "start_time": 1760083865.7389665, "end_time": 1760084052.2869716, "total_time": 186.5480043888092, "unique_stack_smash_count": 20}