{"build_result": true, "start_time": 1760094190.5818708, "end_time": 1760094376.2221003, "total_time": 185.6402289867401, "unique_stack_smash_count": 20}