{"build_result": true, "start_time": 1760066858.849774, "end_time": 1760067042.5864375, "total_time": 183.73666262626648, "unique_stack_smash_count": 20}