{"build_result": true, "start_time": 1760178426.025741, "end_time": 1760178622.9818916, "total_time": 196.95615005493164, "unique_stack_smash_count": 20}