{"build_result": true, "start_time": 1760073750.3316338, "end_time": 1760073935.8789234, "total_time": 185.5472891330719, "unique_stack_smash_count": 20}