{"build_result": true, "start_time": 1760135157.033422, "end_time": 1760135354.2988336, "total_time": 197.26541113853455, "unique_stack_smash_count": 20}