{"build_result": true, "start_time": 1760109808.390466, "end_time": 1760109995.180541, "total_time": 186.79007363319397, "unique_stack_smash_count": 20}