{"build_result": true, "start_time": 1760090252.3826263, "end_time": 1760090438.181258, "total_time": 185.79863119125366, "unique_stack_smash_count": 20}