{"build_result": false, "start_time": 1760094989.4637241, "end_time": 1760095059.1349332, "total_time": 69.67120814323425, "unique_stack_smash_count": 0}