{"build_result": true, "start_time": 1760075970.5396156, "end_time": 1760076153.2244573, "total_time": 182.68484091758728, "unique_stack_smash_count": 20}