{"build_result": true, "start_time": 1760146206.2377484, "end_time": 1760146402.161554, "total_time": 195.9238052368164, "unique_stack_smash_count": 20}