{"build_result": false, "start_time": 1760073623.8710103, "end_time": 1760073750.1959639, "total_time": 126.32495260238647, "unique_stack_smash_count": 0}