{"build_result": true, "start_time": 1760122533.804684, "end_time": 1760122726.5332518, "total_time": 192.7285671234131, "unique_stack_smash_count": 20}