{"build_result": true, "start_time": 1760121773.347721, "end_time": 1760121965.2336218, "total_time": 191.8858997821808, "unique_stack_smash_count": 20}