{"build_result": false, "start_time": 1760196984.1484325, "end_time": 1760197180.8669524, "total_time": 196.718519449234, "unique_stack_smash_count": 0}