{"build_result": false, "start_time": 1760183842.8189094, "end_time": 1760183978.902433, "total_time": 136.08352208137512, "unique_stack_smash_count": 0}