{"build_result": true, "start_time": 1760063824.0559578, "end_time": 1760064010.3593647, "total_time": 186.30340600013733, "unique_stack_smash_count": 20}