{"build_result": true, "start_time": 1760072542.4602015, "end_time": 1760072728.7088873, "total_time": 186.2486855983734, "unique_stack_smash_count": 20}