{"build_result": true, "start_time": 1760101377.6397533, "end_time": 1760101563.2268891, "total_time": 185.5871353149414, "unique_stack_smash_count": 20}