{"build_result": false, "start_time": 1760050155.3191457, "end_time": 1760050332.4908586, "total_time": 177.17171168327332, "unique_stack_smash_count": 0}