{"build_result": true, "start_time": 1760049690.543109, "end_time": 1760049882.3664985, "total_time": 191.823388338089, "unique_stack_smash_count": 20}