{"build_result": true, "start_time": 1760109435.4397473, "end_time": 1760109621.7848845, "total_time": 186.34513592720032, "unique_stack_smash_count": 20}