{"build_result": false, "start_time": 1760061956.5902946, "end_time": 1760062100.0851388, "total_time": 143.49484300613403, "unique_stack_smash_count": 0}