{"build_result": false, "start_time": 1760167044.7250683, "end_time": 1760167148.903711, "total_time": 104.17864227294922, "unique_stack_smash_count": 0}