{"build_result": true, "start_time": 1760137869.4415936, "end_time": 1760138066.369403, "total_time": 196.9278085231781, "unique_stack_smash_count": 20}