{"build_result": true, "start_time": 1760163240.7182229, "end_time": 1760163438.0139902, "total_time": 197.29576635360718, "unique_stack_smash_count": 20}