{"build_result": true, "start_time": 1760143274.1839678, "end_time": 1760143473.6047828, "total_time": 199.420814037323, "unique_stack_smash_count": 20}