{"build_result": true, "start_time": 1760046843.1975186, "end_time": 1760047029.3949444, "total_time": 186.19742512702942, "unique_stack_smash_count": 20}