{"build_result": true, "start_time": 1760129113.2802384, "end_time": 1760129309.9931521, "total_time": 196.71291279792786, "unique_stack_smash_count": 20}