{"build_result": true, "start_time": 1760127201.7268565, "end_time": 1760127398.3450222, "total_time": 196.6181640625, "unique_stack_smash_count": 20}