{"build_result": true, "start_time": 1760066486.8831482, "end_time": 1760066672.2744238, "total_time": 185.39127492904663, "unique_stack_smash_count": 20}