{"build_result": false, "start_time": 1760056052.668611, "end_time": 1760056215.5765111, "total_time": 162.90789937973022, "unique_stack_smash_count": 0}