{"build_result": true, "start_time": 1760135947.177227, "end_time": 1760136145.2560017, "total_time": 198.07877373695374, "unique_stack_smash_count": 20}