{"build_result": true, "start_time": 1760148485.834937, "end_time": 1760148674.6787732, "total_time": 188.84383463859558, "unique_stack_smash_count": 20}