{"build_result": true, "start_time": 1760204559.0535436, "end_time": 1760204756.2690969, "total_time": 197.21555256843567, "unique_stack_smash_count": 20}