{"build_result": true, "start_time": 1760198897.9329202, "end_time": 1760199094.696256, "total_time": 196.7633352279663, "unique_stack_smash_count": 20}