{"build_result": true, "start_time": 1760189826.4239771, "end_time": 1760190023.5902479, "total_time": 197.16626954078674, "unique_stack_smash_count": 20}