{"build_result": true, "start_time": 1760195309.3500748, "end_time": 1760195506.0646682, "total_time": 196.7145926952362, "unique_stack_smash_count": 20}