{"build_result": true, "start_time": 1760106627.3062928, "end_time": 1760106810.643914, "total_time": 183.33762049674988, "unique_stack_smash_count": 20}