{"build_result": false, "start_time": 1760093076.950882, "end_time": 1760093106.321092, "total_time": 29.370209217071533, "unique_stack_smash_count": 0}