{"build_result": true, "start_time": 1760125357.6558278, "end_time": 1760125552.1836963, "total_time": 194.52786779403687, "unique_stack_smash_count": 20}