{"build_result": true, "start_time": 1760091345.6610017, "end_time": 1760091531.8612103, "total_time": 186.2002079486847, "unique_stack_smash_count": 20}