{"build_result": true, "start_time": 1760137444.8633118, "end_time": 1760137641.1819985, "total_time": 196.31868600845337, "unique_stack_smash_count": 20}