{"build_result": true, "start_time": 1760202282.7746744, "end_time": 1760202482.6344366, "total_time": 199.85976147651672, "unique_stack_smash_count": 20}