{"build_result": true, "start_time": 1760181368.6505673, "end_time": 1760181565.6747935, "total_time": 197.02422499656677, "unique_stack_smash_count": 20}