{"build_result": false, "start_time": 1760056772.780579, "end_time": 1760056934.6260061, "total_time": 161.84542560577393, "unique_stack_smash_count": 0}