{"build_result": false, "start_time": 1760089597.0415683, "end_time": 1760089740.5326645, "total_time": 143.49109530448914, "unique_stack_smash_count": 0}