{"build_result": true, "start_time": 1760094005.153561, "end_time": 1760094190.4460435, "total_time": 185.29248142242432, "unique_stack_smash_count": 20}