{"build_result": true, "start_time": 1760198327.329774, "end_time": 1760198520.7303972, "total_time": 193.40062260627747, "unique_stack_smash_count": 20}