{"build_result": true, "start_time": 1760159173.2111318, "end_time": 1760159369.7812693, "total_time": 196.5701367855072, "unique_stack_smash_count": 20}