{"build_result": true, "start_time": 1760205358.717935, "end_time": 1760205554.929374, "total_time": 196.21143770217896, "unique_stack_smash_count": 20}