{"build_result": true, "start_time": 1760071485.6249285, "end_time": 1760071671.875581, "total_time": 186.25065183639526, "unique_stack_smash_count": 20}