{"build_result": true, "start_time": 1760165860.0869508, "end_time": 1760166056.6572967, "total_time": 196.57034516334534, "unique_stack_smash_count": 20}