{"build_result": false, "start_time": 1760086026.288569, "end_time": 1760086185.9881887, "total_time": 159.69961833953857, "unique_stack_smash_count": 0}