{"build_result": false, "start_time": 1760187372.6825347, "end_time": 1760187447.123828, "total_time": 74.44129252433777, "unique_stack_smash_count": 0}