{"build_result": true, "start_time": 1760133936.582031, "end_time": 1760134133.3796747, "total_time": 196.79764318466187, "unique_stack_smash_count": 20}