{"build_result": true, "start_time": 1760196290.9897208, "end_time": 1760196490.1233459, "total_time": 199.13362407684326, "unique_stack_smash_count": 20}