{"build_result": false, "start_time": 1760045258.8706374, "end_time": 1760045420.8746805, "total_time": 162.0040421485901, "unique_stack_smash_count": 0}