{"build_result": true, "start_time": 1760075701.7913225, "end_time": 1760075888.2424448, "total_time": 186.4511215686798, "unique_stack_smash_count": 20}