{"build_result": true, "start_time": 1760122342.8935099, "end_time": 1760122533.6705806, "total_time": 190.7770700454712, "unique_stack_smash_count": 20}