{"build_result": false, "start_time": 1760134133.3879104, "end_time": 1760134269.3172193, "total_time": 135.92930793762207, "unique_stack_smash_count": 0}