{"build_result": true, "start_time": 1760203404.1205523, "end_time": 1760203600.8960643, "total_time": 196.7755103111267, "unique_stack_smash_count": 20}