{"build_result": false, "start_time": 1760049892.3655195, "end_time": 1760049962.0787852, "total_time": 69.71326494216919, "unique_stack_smash_count": 0}