{"build_result": true, "start_time": 1760139718.7816806, "end_time": 1760139914.9885187, "total_time": 196.2068374156952, "unique_stack_smash_count": 20}