{"build_result": true, "start_time": 1760076898.8468726, "end_time": 1760077085.338201, "total_time": 186.49132823944092, "unique_stack_smash_count": 20}