{"build_result": true, "start_time": 1760085840.6879349, "end_time": 1760086026.281828, "total_time": 185.59389209747314, "unique_stack_smash_count": 20}