{"build_result": true, "start_time": 1760105885.5717244, "end_time": 1760106071.9094293, "total_time": 186.33770418167114, "unique_stack_smash_count": 20}