{"build_result": true, "start_time": 1760189630.8059373, "end_time": 1760189826.3397043, "total_time": 195.53376650810242, "unique_stack_smash_count": 20}