{"build_result": true, "start_time": 1760172202.5526013, "end_time": 1760172400.7798846, "total_time": 198.22728180885315, "unique_stack_smash_count": 20}