{"build_result": true, "start_time": 1760163043.0764804, "end_time": 1760163240.3900335, "total_time": 197.31355214118958, "unique_stack_smash_count": 20}