{"build_result": false, "start_time": 1760091971.2908642, "end_time": 1760092149.9576144, "total_time": 178.6667492389679, "unique_stack_smash_count": 0}