{"build_result": false, "start_time": 1760152849.7830725, "end_time": 1760152924.126225, "total_time": 74.34315085411072, "unique_stack_smash_count": 0}