{"build_result": false, "start_time": 1760109273.458689, "end_time": 1760109435.3030775, "total_time": 161.84438729286194, "unique_stack_smash_count": 0}