{"build_result": true, "start_time": 1760116330.2877862, "end_time": 1760116528.5723078, "total_time": 198.2845208644867, "unique_stack_smash_count": 20}