{"build_result": false, "start_time": 1760183708.6595876, "end_time": 1760183842.7990594, "total_time": 134.13947105407715, "unique_stack_smash_count": 0}