{"build_result": false, "start_time": 1760141304.4218462, "end_time": 1760141375.6168256, "total_time": 71.19497847557068, "unique_stack_smash_count": 0}