{"build_result": false, "start_time": 1760059264.2312286, "end_time": 1760059454.944072, "total_time": 190.7128415107727, "unique_stack_smash_count": 0}