{"build_result": false, "start_time": 1760164462.887344, "end_time": 1760164469.9734592, "total_time": 7.0861146450042725, "unique_stack_smash_count": 0}