{"build_result": true, "start_time": 1760181960.7279944, "end_time": 1760182157.451079, "total_time": 196.72308325767517, "unique_stack_smash_count": 20}