{"build_result": true, "start_time": 1760116132.712563, "end_time": 1760116330.1505046, "total_time": 197.43794083595276, "unique_stack_smash_count": 20}