{"build_result": true, "start_time": 1760185787.6189752, "end_time": 1760185984.3867884, "total_time": 196.76781225204468, "unique_stack_smash_count": 20}