{"build_result": true, "start_time": 1760073252.1799932, "end_time": 1760073438.2282012, "total_time": 186.0482075214386, "unique_stack_smash_count": 20}