{"build_result": false, "start_time": 1760112578.4617848, "end_time": 1760112773.9065225, "total_time": 195.44473719596863, "unique_stack_smash_count": 0}