{"build_result": true, "start_time": 1760100819.377189, "end_time": 1760101004.9638643, "total_time": 185.58667492866516, "unique_stack_smash_count": 20}