{"build_result": false, "start_time": 1760144072.2286587, "end_time": 1760144082.5254195, "total_time": 10.296760559082031, "unique_stack_smash_count": 0}