{"build_result": false, "start_time": 1760076153.2276618, "end_time": 1760076340.053328, "total_time": 186.8256652355194, "unique_stack_smash_count": 0}