{"build_result": true, "start_time": 1760202876.570455, "end_time": 1760203071.1354823, "total_time": 194.56502652168274, "unique_stack_smash_count": 20}