{"build_result": false, "start_time": 1760130491.2441404, "end_time": 1760130646.7287703, "total_time": 155.48462867736816, "unique_stack_smash_count": 0}