{"build_result": true, "start_time": 1760181763.2163367, "end_time": 1760181960.5904078, "total_time": 197.37407040596008, "unique_stack_smash_count": 20}