{"build_result": false, "start_time": 1760191183.4319265, "end_time": 1760191270.1156962, "total_time": 86.6837694644928, "unique_stack_smash_count": 0}