{"build_result": false, "start_time": 1760165458.224607, "end_time": 1760165465.4103706, "total_time": 7.185763120651245, "unique_stack_smash_count": 0}