{"build_result": false, "start_time": 1760182944.053654, "end_time": 1760183114.5853095, "total_time": 170.53165483474731, "unique_stack_smash_count": 0}