{"build_result": false, "start_time": 1760055529.697062, "end_time": 1760055691.496411, "total_time": 161.79934811592102, "unique_stack_smash_count": 0}