{"build_result": true, "start_time": 1760104493.518026, "end_time": 1760104671.9292798, "total_time": 178.41125297546387, "unique_stack_smash_count": 20}