{"build_result": true, "start_time": 1760202085.8649232, "end_time": 1760202282.6404293, "total_time": 196.77550411224365, "unique_stack_smash_count": 20}