{"build_result": true, "start_time": 1760070206.5327418, "end_time": 1760070392.6807182, "total_time": 186.14797568321228, "unique_stack_smash_count": 20}