{"build_result": true, "start_time": 1760090067.1157007, "end_time": 1760090252.3017523, "total_time": 185.1860511302948, "unique_stack_smash_count": 20}