{"build_result": true, "start_time": 1760125552.2763648, "end_time": 1760125746.9092283, "total_time": 194.63286185264587, "unique_stack_smash_count": 20}