{"build_result": true, "start_time": 1760182157.5856223, "end_time": 1760182355.3632672, "total_time": 197.77764344215393, "unique_stack_smash_count": 20}