{"build_result": false, "start_time": 1760146999.652717, "end_time": 1760147173.3384616, "total_time": 173.68574357032776, "unique_stack_smash_count": 0}