{"build_result": true, "start_time": 1760127783.5167208, "end_time": 1760127979.797618, "total_time": 196.2808964252472, "unique_stack_smash_count": 20}