{"build_result": false, "start_time": 1760134269.3189297, "end_time": 1760134370.3789427, "total_time": 101.06001234054565, "unique_stack_smash_count": 0}