{"build_result": true, "start_time": 1760082383.0392048, "end_time": 1760082569.130671, "total_time": 186.09146571159363, "unique_stack_smash_count": 20}