{"build_result": false, "start_time": 1760163634.5169067, "end_time": 1760163644.915567, "total_time": 10.398658990859985, "unique_stack_smash_count": 0}