{"build_result": true, "start_time": 1760183978.9957983, "end_time": 1760184179.9422026, "total_time": 200.9464032649994, "unique_stack_smash_count": 20}