{"build_result": false, "start_time": 1760186769.7754588, "end_time": 1760186905.7027078, "total_time": 135.92724752426147, "unique_stack_smash_count": 0}