{"build_result": true, "start_time": 1760070392.8218718, "end_time": 1760070578.5654109, "total_time": 185.7435381412506, "unique_stack_smash_count": 20}