{"build_result": true, "start_time": 1760166461.9071317, "end_time": 1760166651.1111462, "total_time": 189.20401334762573, "unique_stack_smash_count": 20}