{"build_result": true, "start_time": 1760156618.0225673, "end_time": 1760156815.4397285, "total_time": 197.4171600341797, "unique_stack_smash_count": 20}