{"build_result": true, "start_time": 1760068975.8543212, "end_time": 1760069161.7004747, "total_time": 185.84615278244019, "unique_stack_smash_count": 20}