{"build_result": true, "start_time": 1760082938.6233535, "end_time": 1760083124.985561, "total_time": 186.36220693588257, "unique_stack_smash_count": 20}