{"build_result": true, "start_time": 1760072356.406615, "end_time": 1760072542.2569633, "total_time": 185.85034775733948, "unique_stack_smash_count": 20}