{"build_result": true, "start_time": 1760049119.909468, "end_time": 1760049307.652501, "total_time": 187.74303245544434, "unique_stack_smash_count": 20}