{"build_result": true, "start_time": 1760174365.9112725, "end_time": 1760174560.326918, "total_time": 194.41564440727234, "unique_stack_smash_count": 20}