{"build_result": true, "start_time": 1760117550.0705605, "end_time": 1760117738.010009, "total_time": 187.93944811820984, "unique_stack_smash_count": 20}