{"build_result": true, "start_time": 1760103750.533753, "end_time": 1760103936.3700855, "total_time": 185.83633184432983, "unique_stack_smash_count": 20}