{"build_result": true, "start_time": 1760158589.086387, "end_time": 1760158778.547605, "total_time": 189.46121668815613, "unique_stack_smash_count": 20}