{"build_result": false, "start_time": 1760048706.8525794, "end_time": 1760048835.7321684, "total_time": 128.87958788871765, "unique_stack_smash_count": 0}