{"build_result": true, "start_time": 1760188936.0319939, "end_time": 1760189133.1598089, "total_time": 197.12781405448914, "unique_stack_smash_count": 20}