{"build_result": true, "start_time": 1760080381.6116507, "end_time": 1760080567.3565748, "total_time": 185.74492359161377, "unique_stack_smash_count": 20}