{"build_result": false, "start_time": 1760131623.6973643, "end_time": 1760131697.4378226, "total_time": 73.74045729637146, "unique_stack_smash_count": 0}