{"build_result": true, "start_time": 1760133545.9416027, "end_time": 1760133743.1948173, "total_time": 197.25321412086487, "unique_stack_smash_count": 20}