{"build_result": false, "start_time": 1760196521.951187, "end_time": 1760196596.190428, "total_time": 74.23924016952515, "unique_stack_smash_count": 0}