{"build_result": true, "start_time": 1760133051.133468, "end_time": 1760133248.4581842, "total_time": 197.32471561431885, "unique_stack_smash_count": 20}