{"build_result": true, "start_time": 1760045491.8846085, "end_time": 1760045676.677886, "total_time": 184.79327702522278, "unique_stack_smash_count": 20}