{"build_result": true, "start_time": 1760059599.973299, "end_time": 1760059787.5686815, "total_time": 187.59538197517395, "unique_stack_smash_count": 20}