{"build_result": false, "start_time": 1760157600.8671765, "end_time": 1760157797.4360967, "total_time": 196.5689196586609, "unique_stack_smash_count": 0}