{"build_result": true, "start_time": 1760109621.9219518, "end_time": 1760109808.255446, "total_time": 186.33349347114563, "unique_stack_smash_count": 20}