{"build_result": true, "start_time": 1760147173.4751327, "end_time": 1760147369.7920325, "total_time": 196.31689929962158, "unique_stack_smash_count": 20}