{"build_result": false, "start_time": 1760062129.6610513, "end_time": 1760062139.358454, "total_time": 9.697401762008667, "unique_stack_smash_count": 0}