{"build_result": true, "start_time": 1760096424.7173903, "end_time": 1760096610.4128985, "total_time": 185.6955075263977, "unique_stack_smash_count": 20}