{"build_result": false, "start_time": 1760120460.4696863, "end_time": 1760120589.9019654, "total_time": 129.43227791786194, "unique_stack_smash_count": 0}