{"build_result": true, "start_time": 1760199882.3545933, "end_time": 1760200080.4602585, "total_time": 198.10566473007202, "unique_stack_smash_count": 20}