{"build_result": true, "start_time": 1760099544.5130875, "end_time": 1760099730.1965837, "total_time": 185.683495759964, "unique_stack_smash_count": 20}