{"build_result": true, "start_time": 1760044892.4258752, "end_time": 1760045080.5255008, "total_time": 188.09962487220764, "unique_stack_smash_count": 20}