{"build_result": true, "start_time": 1760060977.4103131, "end_time": 1760061164.8082886, "total_time": 187.39797472953796, "unique_stack_smash_count": 20}