{"build_result": false, "start_time": 1760076340.0609276, "end_time": 1760076525.6545472, "total_time": 185.59361863136292, "unique_stack_smash_count": 0}