{"build_result": true, "start_time": 1760124040.7899942, "end_time": 1760124234.0229373, "total_time": 193.23294162750244, "unique_stack_smash_count": 20}