{"build_result": false, "start_time": 1760166056.6592, "end_time": 1760166067.1070426, "total_time": 10.447842359542847, "unique_stack_smash_count": 0}