{"build_result": true, "start_time": 1760203600.9928746, "end_time": 1760203797.5580306, "total_time": 196.56515550613403, "unique_stack_smash_count": 20}