{"build_result": false, "start_time": 1760132091.7939806, "end_time": 1760132098.8312654, "total_time": 7.037283658981323, "unique_stack_smash_count": 0}