{"build_result": true, "start_time": 1760069161.868867, "end_time": 1760069346.809106, "total_time": 184.94023871421814, "unique_stack_smash_count": 20}