{"build_result": false, "start_time": 1760152154.2191737, "end_time": 1760152289.706933, "total_time": 135.4877588748932, "unique_stack_smash_count": 0}