{"build_result": false, "start_time": 1760187272.5639577, "end_time": 1760187372.680004, "total_time": 100.11604523658752, "unique_stack_smash_count": 0}