{"build_result": true, "start_time": 1760166264.5117009, "end_time": 1760166461.775811, "total_time": 197.2641088962555, "unique_stack_smash_count": 20}