{"build_result": true, "start_time": 1760200671.6916416, "end_time": 1760200868.8515785, "total_time": 197.15993571281433, "unique_stack_smash_count": 20}