{"build_result": false, "start_time": 1760078112.530822, "end_time": 1760078256.618908, "total_time": 144.08808493614197, "unique_stack_smash_count": 0}