{"build_result": true, "start_time": 1760173941.050635, "end_time": 1760174137.8581023, "total_time": 196.80746603012085, "unique_stack_smash_count": 20}