{"build_result": true, "start_time": 1760203071.274581, "end_time": 1760203268.3361561, "total_time": 197.06157398223877, "unique_stack_smash_count": 20}