{"build_result": true, "start_time": 1760069691.6777706, "end_time": 1760069876.8746765, "total_time": 185.1969051361084, "unique_stack_smash_count": 20}