{"build_result": false, "start_time": 1760136152.3449333, "end_time": 1760136159.482957, "total_time": 7.138022422790527, "unique_stack_smash_count": 0}