{"build_result": true, "start_time": 1760097945.3109756, "end_time": 1760098131.4119587, "total_time": 186.10098242759705, "unique_stack_smash_count": 20}