{"build_result": true, "start_time": 1760155794.7030735, "end_time": 1760155991.2149227, "total_time": 196.5118486881256, "unique_stack_smash_count": 20}