{"build_result": true, "start_time": 1760183312.4008052, "end_time": 1760183510.804256, "total_time": 198.40344953536987, "unique_stack_smash_count": 20}