{"build_result": false, "start_time": 1760202056.5662465, "end_time": 1760202085.7255182, "total_time": 29.159270763397217, "unique_stack_smash_count": 0}