{"build_result": true, "start_time": 1760061164.9419894, "end_time": 1760061352.4478083, "total_time": 187.5058183670044, "unique_stack_smash_count": 20}