{"build_result": true, "start_time": 1760118603.6616302, "end_time": 1760118791.8532364, "total_time": 188.1916058063507, "unique_stack_smash_count": 20}