{"build_result": true, "start_time": 1760141572.306589, "end_time": 1760141768.1777537, "total_time": 195.8711633682251, "unique_stack_smash_count": 20}