{"build_result": false, "start_time": 1760108236.692455, "end_time": 1760108410.127973, "total_time": 173.43551635742188, "unique_stack_smash_count": 0}