{"build_result": true, "start_time": 1760170297.9675016, "end_time": 1760170493.6959827, "total_time": 195.7284803390503, "unique_stack_smash_count": 20}