{"build_result": false, "start_time": 1760190808.626096, "end_time": 1760190815.6625564, "total_time": 7.036459922790527, "unique_stack_smash_count": 0}