{"build_result": true, "start_time": 1760184380.2801683, "end_time": 1760184577.4889505, "total_time": 197.20878171920776, "unique_stack_smash_count": 20}