{"build_result": false, "start_time": 1760054588.241518, "end_time": 1760054774.7888882, "total_time": 186.54736924171448, "unique_stack_smash_count": 0}