{"build_result": false, "start_time": 1760114551.3248756, "end_time": 1760114625.5238519, "total_time": 74.19897508621216, "unique_stack_smash_count": 0}