{"build_result": false, "start_time": 1760161449.311984, "end_time": 1760161585.3400016, "total_time": 136.02801728248596, "unique_stack_smash_count": 0}