{"build_result": true, "start_time": 1760180580.221097, "end_time": 1760180776.7477846, "total_time": 196.52668690681458, "unique_stack_smash_count": 20}