{"build_result": false, "start_time": 1760137121.0169427, "end_time": 1760137255.2332244, "total_time": 134.2162811756134, "unique_stack_smash_count": 0}