{"build_result": false, "start_time": 1760126121.9933476, "end_time": 1760126253.7803233, "total_time": 131.7869746685028, "unique_stack_smash_count": 0}