{"build_result": true, "start_time": 1760139915.079204, "end_time": 1760140111.0025575, "total_time": 195.9233524799347, "unique_stack_smash_count": 20}