{"build_result": true, "start_time": 1760059974.873526, "end_time": 1760060161.7217257, "total_time": 186.84819889068604, "unique_stack_smash_count": 20}