{"build_result": false, "start_time": 1760117517.2644877, "end_time": 1760117549.9357479, "total_time": 32.67125964164734, "unique_stack_smash_count": 0}