{"build_result": false, "start_time": 1760094805.8141143, "end_time": 1760094989.459483, "total_time": 183.6453673839569, "unique_stack_smash_count": 0}