{"build_result": false, "start_time": 1760205348.2790282, "end_time": 1760205358.6228073, "total_time": 10.343778848648071, "unique_stack_smash_count": 0}