{"build_result": true, "start_time": 1760125747.046509, "end_time": 1760125937.7504146, "total_time": 190.70390486717224, "unique_stack_smash_count": 20}