{"build_result": false, "start_time": 1760067940.7981262, "end_time": 1760068010.5185778, "total_time": 69.72045087814331, "unique_stack_smash_count": 0}