{"build_result": false, "start_time": 1760067231.7015302, "end_time": 1760067301.4682965, "total_time": 69.76676511764526, "unique_stack_smash_count": 0}