{"build_result": false, "start_time": 1760046106.73627, "end_time": 1760046283.102326, "total_time": 176.3660547733307, "unique_stack_smash_count": 0}