{"build_result": false, "start_time": 1760161786.0644085, "end_time": 1760161873.4483397, "total_time": 87.38393020629883, "unique_stack_smash_count": 0}