{"build_result": true, "start_time": 1760065928.3999, "end_time": 1760066114.648486, "total_time": 186.2485854625702, "unique_stack_smash_count": 20}