{"build_result": true, "start_time": 1760050717.7168775, "end_time": 1760050908.7621098, "total_time": 191.04523158073425, "unique_stack_smash_count": 20}