{"build_result": false, "start_time": 1760174692.1919062, "end_time": 1760174862.4722338, "total_time": 170.28032660484314, "unique_stack_smash_count": 0}