{"build_result": true, "start_time": 1760115735.4941876, "end_time": 1760115933.486788, "total_time": 197.99259996414185, "unique_stack_smash_count": 20}