{"build_result": true, "start_time": 1760098972.0613582, "end_time": 1760099159.1482267, "total_time": 187.0868673324585, "unique_stack_smash_count": 20}