{"build_result": true, "start_time": 1760198131.1260555, "end_time": 1760198327.1955423, "total_time": 196.0694863796234, "unique_stack_smash_count": 20}