{"build_result": true, "start_time": 1760065732.4190962, "end_time": 1760065918.6147404, "total_time": 186.19564366340637, "unique_stack_smash_count": 20}