{"build_result": true, "start_time": 1760153121.875333, "end_time": 1760153318.3333728, "total_time": 196.4580385684967, "unique_stack_smash_count": 20}