{"build_result": true, "start_time": 1760050525.7428894, "end_time": 1760050717.584157, "total_time": 191.8412663936615, "unique_stack_smash_count": 20}