{"build_result": true, "start_time": 1760132098.9250693, "end_time": 1760132292.0214574, "total_time": 193.0963876247406, "unique_stack_smash_count": 20}