{"build_result": true, "start_time": 1760175196.0280554, "end_time": 1760175393.0439942, "total_time": 197.01593828201294, "unique_stack_smash_count": 20}