{"build_result": true, "start_time": 1760104307.9012764, "end_time": 1760104493.380285, "total_time": 185.47900795936584, "unique_stack_smash_count": 20}