{"build_result": true, "start_time": 1760182355.4545312, "end_time": 1760182550.718182, "total_time": 195.26365041732788, "unique_stack_smash_count": 20}