{"build_result": true, "start_time": 1760205555.0656154, "end_time": 1760205753.7470846, "total_time": 198.6814682483673, "unique_stack_smash_count": 20}