{"build_result": true, "start_time": 1760191470.4508998, "end_time": 1760191667.468288, "total_time": 197.0173876285553, "unique_stack_smash_count": 20}