{"build_result": false, "start_time": 1760120848.459866, "end_time": 1760120947.0269673, "total_time": 98.56710052490234, "unique_stack_smash_count": 0}