{"build_result": true, "start_time": 1760180182.2097373, "end_time": 1760180382.7414203, "total_time": 200.5316822528839, "unique_stack_smash_count": 20}