{"build_result": true, "start_time": 1760175983.6115415, "end_time": 1760176180.770729, "total_time": 197.1591866016388, "unique_stack_smash_count": 20}