{"build_result": true, "start_time": 1760169138.7409048, "end_time": 1760169338.9147491, "total_time": 200.17384362220764, "unique_stack_smash_count": 20}