{"build_result": true, "start_time": 1760158391.7328935, "end_time": 1760158588.9485457, "total_time": 197.215651512146, "unique_stack_smash_count": 20}