{"build_result": false, "start_time": 1760092695.0362296, "end_time": 1760092704.6330159, "total_time": 9.59678602218628, "unique_stack_smash_count": 0}