{"build_result": true, "start_time": 1760103936.5064306, "end_time": 1760104122.0014741, "total_time": 185.49504256248474, "unique_stack_smash_count": 20}