{"build_result": true, "start_time": 1760185439.6131825, "end_time": 1760185635.7342732, "total_time": 196.1210901737213, "unique_stack_smash_count": 20}