{"build_result": true, "start_time": 1760051376.6053953, "end_time": 1760051568.0894635, "total_time": 191.48406767845154, "unique_stack_smash_count": 20}