{"build_result": true, "start_time": 1760194241.3860831, "end_time": 1760194438.5160542, "total_time": 197.12997007369995, "unique_stack_smash_count": 20}