{"build_result": false, "start_time": 1760100448.1824546, "end_time": 1760100633.6216, "total_time": 185.43914461135864, "unique_stack_smash_count": 0}