{"build_result": true, "start_time": 1760066114.7826762, "end_time": 1760066300.4397418, "total_time": 185.65706515312195, "unique_stack_smash_count": 20}