{"build_result": true, "start_time": 1760075117.5350835, "end_time": 1760075302.883523, "total_time": 185.3484387397766, "unique_stack_smash_count": 20}