{"build_result": false, "start_time": 1760095273.546474, "end_time": 1760095436.5580046, "total_time": 163.0115294456482, "unique_stack_smash_count": 0}