{"build_result": false, "start_time": 1760185984.4025688, "end_time": 1760186182.9909189, "total_time": 198.58834886550903, "unique_stack_smash_count": 0}