{"build_result": true, "start_time": 1760053883.7078223, "end_time": 1760054070.960948, "total_time": 187.2531247138977, "unique_stack_smash_count": 20}