{"build_result": false, "start_time": 1760123057.1035106, "end_time": 1760123064.0915024, "total_time": 6.987991571426392, "unique_stack_smash_count": 0}