{"build_result": true, "start_time": 1760146802.2126293, "end_time": 1760146999.6456888, "total_time": 197.4330587387085, "unique_stack_smash_count": 20}