{"build_result": true, "start_time": 1760136726.8909419, "end_time": 1760136923.9160771, "total_time": 197.02513432502747, "unique_stack_smash_count": 20}