{"build_result": true, "start_time": 1760165060.950636, "end_time": 1760165257.5183249, "total_time": 196.56768703460693, "unique_stack_smash_count": 20}