{"build_result": false, "start_time": 1760098716.4803472, "end_time": 1760098814.4451723, "total_time": 97.96482396125793, "unique_stack_smash_count": 0}