{"build_result": true, "start_time": 1760128574.5685868, "end_time": 1760128771.633793, "total_time": 197.06520557403564, "unique_stack_smash_count": 20}