{"build_result": false, "start_time": 1760102038.7728996, "end_time": 1760102045.4079273, "total_time": 6.635027170181274, "unique_stack_smash_count": 0}