{"build_result": false, "start_time": 1760108596.2127473, "end_time": 1760108775.128851, "total_time": 178.91610264778137, "unique_stack_smash_count": 0}