{"build_result": true, "start_time": 1760151368.5687387, "end_time": 1760151565.1513848, "total_time": 196.58264565467834, "unique_stack_smash_count": 20}