{"build_result": true, "start_time": 1760150182.961826, "end_time": 1760150379.4285126, "total_time": 196.46668577194214, "unique_stack_smash_count": 20}