{"build_result": true, "start_time": 1760057767.6224878, "end_time": 1760057952.8876407, "total_time": 185.26515221595764, "unique_stack_smash_count": 20}