{"build_result": false, "start_time": 1760069346.815775, "end_time": 1760069509.1160085, "total_time": 162.3002324104309, "unique_stack_smash_count": 0}