{"build_result": true, "start_time": 1760120947.1604116, "end_time": 1760121134.7801573, "total_time": 187.6197452545166, "unique_stack_smash_count": 20}