{"build_result": true, "start_time": 1760201662.8027067, "end_time": 1760201860.0255623, "total_time": 197.2228548526764, "unique_stack_smash_count": 20}