{"build_result": false, "start_time": 1760042747.4376986, "end_time": 1760042937.945657, "total_time": 190.5079574584961, "unique_stack_smash_count": 0}