{"build_result": true, "start_time": 1760041441.8329644, "end_time": 1760041630.4393091, "total_time": 188.60634422302246, "unique_stack_smash_count": 20}