{"build_result": true, "start_time": 1760038995.9212005, "end_time": 1760039181.3249924, "total_time": 185.4037914276123, "unique_stack_smash_count": 20}