{"build_result": true, "start_time": 1760040872.8682373, "end_time": 1760041054.432644, "total_time": 181.56440544128418, "unique_stack_smash_count": 20}