{"build_result": true, "start_time": 1760039698.5974665, "end_time": 1760039885.705441, "total_time": 187.10797357559204, "unique_stack_smash_count": 20}