{"build_result": false, "start_time": 1760040863.0327284, "end_time": 1760040872.7298493, "total_time": 9.697120666503906, "unique_stack_smash_count": 0}