{"build_result": true, "start_time": 1760043082.328001, "end_time": 1760043270.4274793, "total_time": 188.09947729110718, "unique_stack_smash_count": 20}