{"build_result": true, "start_time": 1760039181.4607847, "end_time": 1760039367.6625965, "total_time": 186.20181107521057, "unique_stack_smash_count": 20}