{"build_result": true, "start_time": 1760038114.5880454, "end_time": 1760038305.0005662, "total_time": 190.4125201702118, "unique_stack_smash_count": 20}