{"build_result": true, "start_time": 1760043414.8638833, "end_time": 1760043602.3768957, "total_time": 187.51301169395447, "unique_stack_smash_count": 20}