{"build_result": true, "start_time": 1760042192.9400647, "end_time": 1760042381.3360531, "total_time": 188.3959879875183, "unique_stack_smash_count": 20}