{"build_result": true, "start_time": 1760038809.8399684, "end_time": 1760038995.7870991, "total_time": 185.94713020324707, "unique_stack_smash_count": 20}