{"build_result": true, "start_time": 1760041818.9141648, "end_time": 1760042006.3710637, "total_time": 187.45689845085144, "unique_stack_smash_count": 20}