{"build_result": false, "start_time": 1760042937.955623, "end_time": 1760043082.1905177, "total_time": 144.23489379882812, "unique_stack_smash_count": 0}