{"build_result": true, "start_time": 1760038305.121721, "end_time": 1760038493.1287065, "total_time": 188.00698494911194, "unique_stack_smash_count": 20}