{"build_result": false, "start_time": 1760043270.4337926, "end_time": 1760043414.7289176, "total_time": 144.29512405395508, "unique_stack_smash_count": 0}