{"build_result": false, "start_time": 1760039554.0654824, "end_time": 1760039698.463438, "total_time": 144.3979549407959, "unique_stack_smash_count": 0}