{"build_result": true, "start_time": 1760040330.3814783, "end_time": 1760040515.429494, "total_time": 185.04801511764526, "unique_stack_smash_count": 20}