{"build_result": true, "start_time": 1760040676.6322646, "end_time": 1760040863.0311203, "total_time": 186.398854970932, "unique_stack_smash_count": 20}