{"build_result": false, "start_time": 1760041084.767262, "end_time": 1760041179.6293929, "total_time": 94.86212992668152, "unique_stack_smash_count": 0}