{"build_result": false, "start_time": 1760041179.708896, "end_time": 1760041341.9640563, "total_time": 162.25515937805176, "unique_stack_smash_count": 0}