{"build_result": true, "start_time": 1760039956.8590262, "end_time": 1760040145.319167, "total_time": 188.46014022827148, "unique_stack_smash_count": 20}