{"build_result": true, "start_time": 1760038622.1524763, "end_time": 1760038809.7037547, "total_time": 187.55127787590027, "unique_stack_smash_count": 20}