{"build_result": false, "start_time": 1760039885.7093601, "end_time": 1760039956.7256424, "total_time": 71.01628136634827, "unique_stack_smash_count": 0}