{"build_result": false, "start_time": 1760041341.9712713, "end_time": 1760041441.695991, "total_time": 99.72471880912781, "unique_stack_smash_count": 0}