{"build_result": true, "start_time": 1760039367.7978628, "end_time": 1760039554.0560973, "total_time": 186.25823402404785, "unique_stack_smash_count": 20}