{"build_result": false, "start_time": 1760040515.4390962, "end_time": 1760040676.4974625, "total_time": 161.0583655834198, "unique_stack_smash_count": 0}