{"build_result": false, "start_time": 1760041054.4373245, "end_time": 1760041084.7624028, "total_time": 30.325077533721924, "unique_stack_smash_count": 0}