{"build_result": true, "start_time": 1760042006.504096, "end_time": 1760042192.806756, "total_time": 186.302659034729, "unique_stack_smash_count": 20}