{"build_result": false, "start_time": 1760038493.137983, "end_time": 1760038622.0172946, "total_time": 128.87931036949158, "unique_stack_smash_count": 0}