{"build_result": true, "start_time": 1760041630.5720904, "end_time": 1760041818.7775304, "total_time": 188.20543956756592, "unique_stack_smash_count": 20}