{"build_result": true, "start_time": 1760042562.7333596, "end_time": 1760042747.4253538, "total_time": 184.69199323654175, "unique_stack_smash_count": 20}