{"build_result": true, "start_time": 1760042381.4738002, "end_time": 1760042562.5978427, "total_time": 181.124041557312, "unique_stack_smash_count": 20}