{"build_result": true, "start_time": 1760040145.4045382, "end_time": 1760040330.2457619, "total_time": 184.84122323989868, "unique_stack_smash_count": 20}