{"build_result": false, "start_time": 1760389153.8186538, "end_time": 1760389288.4102216, "total_time": 134.59156727790833, "unique_stack_smash_count": 0}