{"build_result": false, "start_time": 1760390685.6086662, "end_time": 1760390883.5151296, "total_time": 197.90646266937256, "unique_stack_smash_count": 0}