{"build_result": true, "start_time": 1760384635.1645994, "end_time": 1760384836.7173393, "total_time": 201.55273938179016, "unique_stack_smash_count": 20}