{"build_result": true, "start_time": 1760385635.2789748, "end_time": 1760385832.816764, "total_time": 197.53778862953186, "unique_stack_smash_count": 20}