{"build_result": true, "start_time": 1760387132.2306454, "end_time": 1760387333.191182, "total_time": 200.96053504943848, "unique_stack_smash_count": 20}