{"build_result": false, "start_time": 1760376744.2291605, "end_time": 1760376754.72855, "total_time": 10.499388217926025, "unique_stack_smash_count": 0}