{"build_result": true, "start_time": 1760385068.3196597, "end_time": 1760385267.534193, "total_time": 199.21453309059143, "unique_stack_smash_count": 20}