{"build_result": true, "start_time": 1760381487.0464985, "end_time": 1760381682.9985054, "total_time": 195.95200634002686, "unique_stack_smash_count": 20}