{"build_result": true, "start_time": 1760371694.2640653, "end_time": 1760371883.7643113, "total_time": 189.50024557113647, "unique_stack_smash_count": 20}