{"build_result": true, "start_time": 1760374445.6750062, "end_time": 1760374643.4718466, "total_time": 197.79683995246887, "unique_stack_smash_count": 20}