{"build_result": true, "start_time": 1760371294.587953, "end_time": 1760371494.457269, "total_time": 199.86931538581848, "unique_stack_smash_count": 20}