{"build_result": true, "start_time": 1760376152.22492, "end_time": 1760376352.271348, "total_time": 200.04642748832703, "unique_stack_smash_count": 20}