{"build_result": false, "start_time": 1760388041.5678577, "end_time": 1760388073.3860426, "total_time": 31.81818389892578, "unique_stack_smash_count": 0}