{"build_result": true, "start_time": 1760377356.7043056, "end_time": 1760377553.6551092, "total_time": 196.95080256462097, "unique_stack_smash_count": 20}