{"build_result": true, "start_time": 1760382680.9687324, "end_time": 1760382878.0624025, "total_time": 197.09366965293884, "unique_stack_smash_count": 20}