{"build_result": true, "start_time": 1760375234.761916, "end_time": 1760375424.0707364, "total_time": 189.30881929397583, "unique_stack_smash_count": 20}