{"build_result": true, "start_time": 1760379519.067561, "end_time": 1760379716.9681616, "total_time": 197.90060019493103, "unique_stack_smash_count": 20}