{"build_result": false, "start_time": 1760384462.7724798, "end_time": 1760384635.0448012, "total_time": 172.2723205089569, "unique_stack_smash_count": 0}