{"build_result": false, "start_time": 1760370832.0834038, "end_time": 1760370842.6796896, "total_time": 10.596285104751587, "unique_stack_smash_count": 0}