{"build_result": false, "start_time": 1760386764.9516375, "end_time": 1760386935.3991373, "total_time": 170.44749855995178, "unique_stack_smash_count": 0}