{"build_result": false, "start_time": 1760380483.7438602, "end_time": 1760380590.462218, "total_time": 106.71835660934448, "unique_stack_smash_count": 0}