{"build_result": false, "start_time": 1760371112.3277278, "end_time": 1760371122.875509, "total_time": 10.547780513763428, "unique_stack_smash_count": 0}