{"build_result": true, "start_time": 1760386430.5417945, "end_time": 1760386630.0881898, "total_time": 199.5463948249817, "unique_stack_smash_count": 20}