{"build_result": true, "start_time": 1760376352.364627, "end_time": 1760376548.2113855, "total_time": 195.84675788879395, "unique_stack_smash_count": 20}