{"build_result": false, "start_time": 1760370842.6821399, "end_time": 1760370916.6780636, "total_time": 73.99592304229736, "unique_stack_smash_count": 0}