{"build_result": false, "start_time": 1760393246.080958, "end_time": 1760393278.5961752, "total_time": 32.51521611213684, "unique_stack_smash_count": 0}