{"build_result": true, "start_time": 1760390078.2135022, "end_time": 1760390277.1802187, "total_time": 198.96671605110168, "unique_stack_smash_count": 20}