{"build_result": true, "start_time": 1760370435.984015, "end_time": 1760370633.2629158, "total_time": 197.27890062332153, "unique_stack_smash_count": 20}