{"build_result": false, "start_time": 1760379178.3571107, "end_time": 1760379188.5553727, "total_time": 10.198261499404907, "unique_stack_smash_count": 0}