{"build_result": true, "start_time": 1760370633.3984356, "end_time": 1760370832.0801444, "total_time": 198.68170833587646, "unique_stack_smash_count": 20}