{"build_result": true, "start_time": 1760384265.435308, "end_time": 1760384462.7705731, "total_time": 197.33526420593262, "unique_stack_smash_count": 20}