{"build_result": true, "start_time": 1760373852.5350106, "end_time": 1760374049.1698432, "total_time": 196.63483214378357, "unique_stack_smash_count": 20}