{"build_result": false, "start_time": 1760372679.1004562, "end_time": 1760372881.7024744, "total_time": 202.60201621055603, "unique_stack_smash_count": 0}