{"build_result": true, "start_time": 1760378254.3782296, "end_time": 1760378453.0194707, "total_time": 198.64124083518982, "unique_stack_smash_count": 20}