{"build_result": false, "start_time": 1760388979.475989, "end_time": 1760389153.8138342, "total_time": 174.33784413337708, "unique_stack_smash_count": 0}