{"build_result": true, "start_time": 1760377553.7504702, "end_time": 1760377750.8800642, "total_time": 197.12959361076355, "unique_stack_smash_count": 20}