{"build_result": true, "start_time": 1760374247.0955818, "end_time": 1760374445.5832837, "total_time": 198.48770093917847, "unique_stack_smash_count": 20}