{"build_result": true, "start_time": 1760378453.1561265, "end_time": 1760378647.5487826, "total_time": 194.39265489578247, "unique_stack_smash_count": 20}