{"build_result": true, "start_time": 1760380895.9907882, "end_time": 1760381093.7364528, "total_time": 197.74566411972046, "unique_stack_smash_count": 20}