{"build_result": true, "start_time": 1760381290.6197467, "end_time": 1760381486.9112654, "total_time": 196.29151725769043, "unique_stack_smash_count": 20}