{"build_result": false, "start_time": 1760389486.7561905, "end_time": 1760389683.7122004, "total_time": 196.9560089111328, "unique_stack_smash_count": 0}