{"build_result": true, "start_time": 1760383274.150918, "end_time": 1760383475.8120642, "total_time": 201.66114568710327, "unique_stack_smash_count": 20}