{"build_result": true, "start_time": 1760391283.0604756, "end_time": 1760391474.4478555, "total_time": 191.38737845420837, "unique_stack_smash_count": 20}