{"build_result": true, "start_time": 1760376754.8642251, "end_time": 1760376952.014955, "total_time": 197.1507294178009, "unique_stack_smash_count": 20}