{"build_result": true, "start_time": 1760383475.9049096, "end_time": 1760383679.9896693, "total_time": 204.08475923538208, "unique_stack_smash_count": 20}