{"build_result": false, "start_time": 1760384836.7208037, "end_time": 1760384868.2322457, "total_time": 31.511441230773926, "unique_stack_smash_count": 0}