{"build_result": true, "start_time": 1760382079.4482822, "end_time": 1760382277.1192331, "total_time": 197.6709499359131, "unique_stack_smash_count": 20}