{"build_result": true, "start_time": 1760389683.7862382, "end_time": 1760389880.5771387, "total_time": 196.79089999198914, "unique_stack_smash_count": 20}