{"build_result": true, "start_time": 1760392876.9117773, "end_time": 1760393079.0709805, "total_time": 202.15920209884644, "unique_stack_smash_count": 20}