{"build_result": true, "start_time": 1760384868.3667285, "end_time": 1760385068.1832988, "total_time": 199.81656980514526, "unique_stack_smash_count": 20}