{"build_result": true, "start_time": 1760393477.6916792, "end_time": 1760393673.117756, "total_time": 195.42607617378235, "unique_stack_smash_count": 20}