{"build_result": true, "start_time": 1760370235.2328138, "end_time": 1760370435.8657413, "total_time": 200.6329267024994, "unique_stack_smash_count": 20}