{"build_result": true, "start_time": 1760371883.8940582, "end_time": 1760372083.26209, "total_time": 199.36803126335144, "unique_stack_smash_count": 20}