{"build_result": false, "start_time": 1760388073.390473, "end_time": 1760388147.7504258, "total_time": 74.35995197296143, "unique_stack_smash_count": 0}