{"build_result": true, "start_time": 1760391676.4001427, "end_time": 1760391875.6542811, "total_time": 199.2541379928589, "unique_stack_smash_count": 20}