{"build_result": false, "start_time": 1760386630.0918107, "end_time": 1760386764.9413068, "total_time": 134.84949588775635, "unique_stack_smash_count": 0}