{"build_result": true, "start_time": 1760372083.3343492, "end_time": 1760372280.9184175, "total_time": 197.58406782150269, "unique_stack_smash_count": 20}