{"build_result": true, "start_time": 1760379886.6782484, "end_time": 1760380089.0712814, "total_time": 202.39303255081177, "unique_stack_smash_count": 20}