{"build_result": true, "start_time": 1760372955.8329384, "end_time": 1760373150.4445324, "total_time": 194.61159348487854, "unique_stack_smash_count": 20}