{"build_result": true, "start_time": 1760391875.7884395, "end_time": 1760392077.2554896, "total_time": 201.4670488834381, "unique_stack_smash_count": 20}