{"build_result": true, "start_time": 1760376548.344947, "end_time": 1760376744.2268398, "total_time": 195.88189220428467, "unique_stack_smash_count": 20}