{"build_result": true, "start_time": 1760392077.3921046, "end_time": 1760392274.080302, "total_time": 196.68819642066956, "unique_stack_smash_count": 20}