{"build_result": true, "start_time": 1760390480.3720112, "end_time": 1760390685.2798264, "total_time": 204.90781450271606, "unique_stack_smash_count": 20}