{"build_result": false, "start_time": 1760388336.996173, "end_time": 1760388368.16455, "total_time": 31.168376207351685, "unique_stack_smash_count": 0}