{"build_result": false, "start_time": 1760377346.1303763, "end_time": 1760377356.6259074, "total_time": 10.495530366897583, "unique_stack_smash_count": 0}