{"build_result": true, "start_time": 1760385267.6634364, "end_time": 1760385465.038813, "total_time": 197.37537622451782, "unique_stack_smash_count": 20}