{"build_result": true, "start_time": 1760390277.3154273, "end_time": 1760390480.2377534, "total_time": 202.92232537269592, "unique_stack_smash_count": 20}