{"build_result": true, "start_time": 1760373150.5788722, "end_time": 1760373348.3951492, "total_time": 197.81627655029297, "unique_stack_smash_count": 20}