{"build_result": true, "start_time": 1760388566.9668503, "end_time": 1760388766.1259823, "total_time": 199.1591305732727, "unique_stack_smash_count": 20}