{"build_result": true, "start_time": 1760378980.0815628, "end_time": 1760379178.3551414, "total_time": 198.2735767364502, "unique_stack_smash_count": 20}