{"build_result": false, "start_time": 1760373747.5610666, "end_time": 1760373852.4014287, "total_time": 104.84036183357239, "unique_stack_smash_count": 0}