{"build_result": false, "start_time": 1760383679.9939482, "end_time": 1760383878.228874, "total_time": 198.23492527008057, "unique_stack_smash_count": 0}