{"build_result": true, "start_time": 1760378647.6826918, "end_time": 1760378844.8746357, "total_time": 197.19194340705872, "unique_stack_smash_count": 20}