{"build_result": true, "start_time": 1760388368.2958922, "end_time": 1760388566.8323278, "total_time": 198.5364351272583, "unique_stack_smash_count": 20}