{"build_result": true, "start_time": 1760390883.649654, "end_time": 1760391084.8004012, "total_time": 201.15074610710144, "unique_stack_smash_count": 20}