{"build_result": false, "start_time": 1760375621.786471, "end_time": 1760375757.5767312, "total_time": 135.7902593612671, "unique_stack_smash_count": 0}