{"build_result": true, "start_time": 1760381879.771466, "end_time": 1760382079.3149264, "total_time": 199.5434591770172, "unique_stack_smash_count": 20}