{"build_result": false, "start_time": 1760383878.4848137, "end_time": 1760384068.3771036, "total_time": 189.89228892326355, "unique_stack_smash_count": 0}