{"build_result": true, "start_time": 1760373550.578954, "end_time": 1760373747.5590236, "total_time": 196.98006868362427, "unique_stack_smash_count": 20}