{"build_result": true, "start_time": 1760382285.550036, "end_time": 1760382483.597603, "total_time": 198.04756617546082, "unique_stack_smash_count": 20}