{"build_result": false, "start_time": 1760379716.9800065, "end_time": 1760379886.541899, "total_time": 169.56189155578613, "unique_stack_smash_count": 0}