{"build_result": true, "start_time": 1760379321.8409617, "end_time": 1760379518.9297924, "total_time": 197.08882975578308, "unique_stack_smash_count": 20}