{"build_result": true, "start_time": 1760392471.7989829, "end_time": 1760392669.4924042, "total_time": 197.6934208869934, "unique_stack_smash_count": 20}