{"build_result": true, "start_time": 1760375424.1626868, "end_time": 1760375621.7806, "total_time": 197.61791276931763, "unique_stack_smash_count": 20}