{"build_result": false, "start_time": 1760388969.0754042, "end_time": 1760388979.4731848, "total_time": 10.397779941558838, "unique_stack_smash_count": 0}