{"build_result": true, "start_time": 1760372478.2588787, "end_time": 1760372679.089423, "total_time": 200.8305435180664, "unique_stack_smash_count": 20}