{"build_result": false, "start_time": 1760377750.8830893, "end_time": 1760377890.1992385, "total_time": 139.31614756584167, "unique_stack_smash_count": 0}