{"build_result": true, "start_time": 1760377148.2850814, "end_time": 1760377346.1281242, "total_time": 197.8430414199829, "unique_stack_smash_count": 20}