{"build_result": true, "start_time": 1760381683.1333005, "end_time": 1760381879.63663, "total_time": 196.50332808494568, "unique_stack_smash_count": 20}