{"build_result": true, "start_time": 1760388766.205633, "end_time": 1760388969.0735495, "total_time": 202.86791610717773, "unique_stack_smash_count": 20}