{"build_result": true, "start_time": 1760387333.3190963, "end_time": 1760387528.79792, "total_time": 195.47882318496704, "unique_stack_smash_count": 20}