{"build_result": true, "start_time": 1760382483.7325015, "end_time": 1760382680.8325033, "total_time": 197.10000085830688, "unique_stack_smash_count": 20}