{"build_result": true, "start_time": 1760386230.6812422, "end_time": 1760386430.4020495, "total_time": 199.72080659866333, "unique_stack_smash_count": 20}