{"build_result": true, "start_time": 1760383076.2312064, "end_time": 1760383274.076803, "total_time": 197.8455948829651, "unique_stack_smash_count": 20}