{"build_result": true, "start_time": 1760376952.1516626, "end_time": 1760377147.8365886, "total_time": 195.6849250793457, "unique_stack_smash_count": 20}