{"build_result": true, "start_time": 1760385832.9511228, "end_time": 1760386031.0552473, "total_time": 198.10412406921387, "unique_stack_smash_count": 20}