{"build_result": true, "start_time": 1760384068.5115156, "end_time": 1760384265.3587573, "total_time": 196.84724116325378, "unique_stack_smash_count": 20}