{"build_result": true, "start_time": 1760380089.2061446, "end_time": 1760380286.3504064, "total_time": 197.1442608833313, "unique_stack_smash_count": 20}