{"build_result": true, "start_time": 1760375038.3206615, "end_time": 1760375234.6751165, "total_time": 196.35445427894592, "unique_stack_smash_count": 20}