{"build_result": false, "start_time": 1760388147.7613392, "end_time": 1760388336.9936054, "total_time": 189.23226523399353, "unique_stack_smash_count": 0}