{"build_result": false, "start_time": 1760385465.0420332, "end_time": 1760385635.144241, "total_time": 170.1022069454193, "unique_stack_smash_count": 0}