{"build_result": true, "start_time": 1760370916.7608297, "end_time": 1760371112.3255098, "total_time": 195.56467938423157, "unique_stack_smash_count": 20}