{"build_result": false, "start_time": 1760393673.1193693, "end_time": 1760393683.218169, "total_time": 10.098799228668213, "unique_stack_smash_count": 0}