{"build_result": true, "start_time": 1760391084.895608, "end_time": 1760391282.9234922, "total_time": 198.0278835296631, "unique_stack_smash_count": 20}