{"build_result": true, "start_time": 1760391474.751529, "end_time": 1760391676.2640367, "total_time": 201.51250743865967, "unique_stack_smash_count": 20}