{"build_result": false, "start_time": 1760382277.1213207, "end_time": 1760382285.4139647, "total_time": 8.292642831802368, "unique_stack_smash_count": 0}