{"build_result": false, "start_time": 1760389880.5790818, "end_time": 1760390078.0798745, "total_time": 197.50079250335693, "unique_stack_smash_count": 0}