{"build_result": false, "start_time": 1760380590.4641018, "end_time": 1760380698.669849, "total_time": 108.20574641227722, "unique_stack_smash_count": 0}