{"build_result": false, "start_time": 1760371122.8775115, "end_time": 1760371294.5157373, "total_time": 171.63822555541992, "unique_stack_smash_count": 0}