{"build_result": false, "start_time": 1760378118.6362064, "end_time": 1760378254.2433472, "total_time": 135.60714030265808, "unique_stack_smash_count": 0}