{"build_result": false, "start_time": 1760379188.5565946, "end_time": 1760379321.7488358, "total_time": 133.19224095344543, "unique_stack_smash_count": 0}