{"build_result": false, "start_time": 1760393278.6076727, "end_time": 1760393477.5584114, "total_time": 198.95073747634888, "unique_stack_smash_count": 0}