{"build_result": true, "start_time": 1760374643.6061826, "end_time": 1760374840.611721, "total_time": 197.0055375099182, "unique_stack_smash_count": 20}