{"build_result": false, "start_time": 1760387730.0902455, "end_time": 1760387840.5632129, "total_time": 110.47296643257141, "unique_stack_smash_count": 0}