{"build_result": true, "start_time": 1760392274.215706, "end_time": 1760392471.6584852, "total_time": 197.442777633667, "unique_stack_smash_count": 20}