{"build_result": true, "start_time": 1760372281.0528197, "end_time": 1760372478.1237679, "total_time": 197.07094717025757, "unique_stack_smash_count": 20}