{"build_result": true, "start_time": 1760381093.8312316, "end_time": 1760381290.4862235, "total_time": 196.65499067306519, "unique_stack_smash_count": 20}