{"build_result": false, "start_time": 1760373348.4025335, "end_time": 1760373550.1001117, "total_time": 201.6975769996643, "unique_stack_smash_count": 0}