{"build_result": true, "start_time": 1760382878.1984673, "end_time": 1760383076.1405818, "total_time": 197.94211316108704, "unique_stack_smash_count": 20}