{"build_result": true, "start_time": 1760374840.7455993, "end_time": 1760375038.185286, "total_time": 197.43968629837036, "unique_stack_smash_count": 20}