{"build_result": true, "start_time": 1760377890.2726736, "end_time": 1760378088.1166875, "total_time": 197.84401321411133, "unique_stack_smash_count": 20}