{"build_result": true, "start_time": 1760392677.9692235, "end_time": 1760392876.8157232, "total_time": 198.84649920463562, "unique_stack_smash_count": 20}