{"build_result": false, "start_time": 1760392669.4950604, "end_time": 1760392677.8329272, "total_time": 8.337865829467773, "unique_stack_smash_count": 0}