{"build_result": true, "start_time": 1760380698.7587383, "end_time": 1760380895.8538537, "total_time": 197.09511494636536, "unique_stack_smash_count": 20}