{"build_result": true, "start_time": 1760386935.5350096, "end_time": 1760387132.1347907, "total_time": 196.5997805595398, "unique_stack_smash_count": 20}