{"build_result": true, "start_time": 1760389288.5441468, "end_time": 1760389486.743311, "total_time": 198.19916367530823, "unique_stack_smash_count": 20}