{"build_result": true, "start_time": 1760375757.6573093, "end_time": 1760375954.4627888, "total_time": 196.80547881126404, "unique_stack_smash_count": 20}