{"build_result": true, "start_time": 1760380286.8016937, "end_time": 1760380483.7362587, "total_time": 196.9345645904541, "unique_stack_smash_count": 20}