{"build_result": true, "start_time": 1760374049.305168, "end_time": 1760374247.0151594, "total_time": 197.7099905014038, "unique_stack_smash_count": 20}