{"build_result": true, "start_time": 1760386031.1896868, "end_time": 1760386230.5458937, "total_time": 199.35620594024658, "unique_stack_smash_count": 20}