{"build_result": false, "start_time": 1760372881.7046878, "end_time": 1760372955.695003, "total_time": 73.99031448364258, "unique_stack_smash_count": 0}