{"build_result": true, "start_time": 1760375954.5487251, "end_time": 1760376152.1350217, "total_time": 197.5862958431244, "unique_stack_smash_count": 20}