{"build_result": false, "start_time": 1760393079.0737336, "end_time": 1760393246.0779166, "total_time": 167.0041823387146, "unique_stack_smash_count": 0}