{"build_result": true, "start_time": 1760387529.261348, "end_time": 1760387730.0860305, "total_time": 200.8246819972992, "unique_stack_smash_count": 20}