{"build_result": false, "start_time": 1760378844.8838174, "end_time": 1760378979.9466412, "total_time": 135.06282305717468, "unique_stack_smash_count": 0}