{"build_result": true, "start_time": 1760371494.5905683, "end_time": 1760371694.1263554, "total_time": 199.53578639030457, "unique_stack_smash_count": 20}