{"build_result": false, "start_time": 1760378088.118752, "end_time": 1760378118.630918, "total_time": 30.512165069580078, "unique_stack_smash_count": 0}