{"build_result": true, "start_time": 1760387840.7000818, "end_time": 1760388041.564015, "total_time": 200.86393189430237, "unique_stack_smash_count": 20}